Title,URL handle,Description,Vendor,Product category,Type,Tags,Published on online store,Status,SKU,Barcode,Option1 name,Option1 value,Option1 Linked To,Option2 name,Option2 value,Option2 Linked To,Option3 name,Option3 value,Option3 Linked To,Price,Compare-at price,Cost per item,Charge tax,Tax code,Unit price total measure,Unit price total measure unit,Unit price base measure,Unit price base measure unit,Inventory tracker,Inventory quantity,Continue selling when out of stock,Weight value (grams),Weight unit for display,Requires shipping,Fulfillment service,Product image URL,Image position,Image alt text,Variant image URL,Gift card,SEO title,SEO description,Color (product.metafields.shopify.color-pattern),Google Shopping / Google product category,Google Shopping / Gender,Google Shopping / Age group,Google Shopping / Manufacturer part number (MPN),Google Shopping / Ad group name,Google Shopping / Ads labels,Google Shopping / Condition,Google Shopping / Custom product,Google Shopping / Custom label 0,Google Shopping / Custom label 1,Google Shopping / Custom label 2,Google Shopping / Custom label 3,Google Shopping / Custom label 4
Classic Crewneck Sweatshirt,classic-crewneck-sweatshirt,"Designed for everyday comfort, this classic sweatshirt is your go-to for cozy, polished style. Crafted from a soft cotton-elastane blend that offers gentle stretch and all-day ease, the relaxed pullover silhouette layers effortlessly under jackets or wears solo with denim. A timeless wardrobe staple to keep on rotation through every casual day.",Solomon & Sage,Apparel & Accessories > Clothing,Tops,,TRUE,active,CCN-BP-XS,,Size,XS,,Color,Baby Pink,,,,,51.00,88.00,,TRUE,,,,,,shopify,0,DENY,,g,TRUE,manual,https://d3o8u8o2i2q94t.cloudfront.net/products/1776588086932-sweatshirt-classic-crewneck-sweatshirts-baby-pink-13.webp,1,Classic Crewneck Sweatshirt,https://d3o8u8o2i2q94t.cloudfront.net/products/1776588086932-sweatshirt-classic-crewneck-sweatshirts-baby-pink-13.webp,FALSE,Classic Crewneck Sweatshirt | Solomon & Sage,"Designed for everyday comfort, this classic sweatshirt is your go-to for cozy, polished style. Crafted from a soft cotton-elastane blend that offers gentle stre",Baby Pink; Black,Apparel & Accessories > Clothing,,,,,,new,,,,,,
,classic-crewneck-sweatshirt,,,,,,,,CCN-BK-XS,,,XS,,,Black,,,,,51.00,88.00,,TRUE,,,,,,shopify,0,DENY,,g,TRUE,manual,,,,https://d3o8u8o2i2q94t.cloudfront.net/products/1776588216046-sweatshirt-classic-crewneck-sweatshirts-black-2.webp,FALSE,,,,,,,,,,,,,,,,
,classic-crewneck-sweatshirt,,,,,,,,SCCS-BABY-S,810221392316,,S,,,Baby Pink,,,,,51.00,88.00,,TRUE,,,,,,shopify,0,DENY,,g,TRUE,manual,,,,https://d3o8u8o2i2q94t.cloudfront.net/products/1776588086932-sweatshirt-classic-crewneck-sweatshirts-baby-pink-13.webp,FALSE,,,,,,,,,,,,,,,,
,classic-crewneck-sweatshirt,,,,,,,,SCCS-BLAC-S,810221392415,,S,,,Black,,,,,51.00,88.00,,TRUE,,,,,,shopify,0,DENY,,g,TRUE,manual,,,,https://d3o8u8o2i2q94t.cloudfront.net/products/1776588216046-sweatshirt-classic-crewneck-sweatshirts-black-2.webp,FALSE,,,,,,,,,,,,,,,,
,classic-crewneck-sweatshirt,,,,,,,,SCCS-BABY-M,810221392323,,M,,,Baby Pink,,,,,51.00,88.00,,TRUE,,,,,,shopify,0,DENY,,g,TRUE,manual,,,,https://d3o8u8o2i2q94t.cloudfront.net/products/1776588086932-sweatshirt-classic-crewneck-sweatshirts-baby-pink-13.webp,FALSE,,,,,,,,,,,,,,,,
,classic-crewneck-sweatshirt,,,,,,,,SCCS-BLAC-M,810221392422,,M,,,Black,,,,,51.00,88.00,,TRUE,,,,,,shopify,2,DENY,,g,TRUE,manual,,,,https://d3o8u8o2i2q94t.cloudfront.net/products/1776588216046-sweatshirt-classic-crewneck-sweatshirts-black-2.webp,FALSE,,,,,,,,,,,,,,,,
,classic-crewneck-sweatshirt,,,,,,,,SCCS-BABY-L,810221392330,,L,,,Baby Pink,,,,,51.00,88.00,,TRUE,,,,,,shopify,1,DENY,,g,TRUE,manual,,,,https://d3o8u8o2i2q94t.cloudfront.net/products/1776588086932-sweatshirt-classic-crewneck-sweatshirts-baby-pink-13.webp,FALSE,,,,,,,,,,,,,,,,
,classic-crewneck-sweatshirt,,,,,,,,SCCS-BLAC-L,810221392439,,L,,,Black,,,,,51.00,88.00,,TRUE,,,,,,shopify,3,DENY,,g,TRUE,manual,,,,https://d3o8u8o2i2q94t.cloudfront.net/products/1776588216046-sweatshirt-classic-crewneck-sweatshirts-black-2.webp,FALSE,,,,,,,,,,,,,,,,
,classic-crewneck-sweatshirt,,,,,,,,SCCS-BABY-XL,810221392347,,XL,,,Baby Pink,,,,,51.00,88.00,,TRUE,,,,,,shopify,0,DENY,,g,TRUE,manual,,,,https://d3o8u8o2i2q94t.cloudfront.net/products/1776588086932-sweatshirt-classic-crewneck-sweatshirts-baby-pink-13.webp,FALSE,,,,,,,,,,,,,,,,
,classic-crewneck-sweatshirt,,,,,,,,SCCS-BLAC-XL,810221392446,,XL,,,Black,,,,,51.00,88.00,,TRUE,,,,,,shopify,2,DENY,,g,TRUE,manual,,,,https://d3o8u8o2i2q94t.cloudfront.net/products/1776588216046-sweatshirt-classic-crewneck-sweatshirts-black-2.webp,FALSE,,,,,,,,,,,,,,,,
,classic-crewneck-sweatshirt,,,,,,,,,,,,,,,,,,,,,,,,,,,,,,,,,,,https://d3o8u8o2i2q94t.cloudfront.net/products/1776588078986-sweatshirt-classic-crewneck-sweatshirts-baby-pink-9.webp,2,Classic Crewneck Sweatshirt - view 2,,,,,,,,,,,,,,,,,,
,classic-crewneck-sweatshirt,,,,,,,,,,,,,,,,,,,,,,,,,,,,,,,,,,,https://d3o8u8o2i2q94t.cloudfront.net/products/1776588062640-sweatshirt-classic-crewneck-sweatshirts-baby-pink-4.webp,3,Classic Crewneck Sweatshirt - view 3,,,,,,,,,,,,,,,,,,
,classic-crewneck-sweatshirt,,,,,,,,,,,,,,,,,,,,,,,,,,,,,,,,,,,https://d3o8u8o2i2q94t.cloudfront.net/products/1776588067329-sweatshirt-classic-crewneck-sweatshirts-baby-pink-5.webp,4,Classic Crewneck Sweatshirt - view 4,,,,,,,,,,,,,,,,,,
,classic-crewneck-sweatshirt,,,,,,,,,,,,,,,,,,,,,,,,,,,,,,,,,,,https://d3o8u8o2i2q94t.cloudfront.net/products/1776588084299-sweatshirt-classic-crewneck-sweatshirts-baby-pink-12.webp,5,Classic Crewneck Sweatshirt - view 5,,,,,,,,,,,,,,,,,,
,classic-crewneck-sweatshirt,,,,,,,,,,,,,,,,,,,,,,,,,,,,,,,,,,,https://d3o8u8o2i2q94t.cloudfront.net/products/1776588082098-sweatshirt-classic-crewneck-sweatshirts-baby-pink-10.webp,6,Classic Crewneck Sweatshirt - view 6,,,,,,,,,,,,,,,,,,
,classic-crewneck-sweatshirt,,,,,,,,,,,,,,,,,,,,,,,,,,,,,,,,,,,https://d3o8u8o2i2q94t.cloudfront.net/products/1776588216046-sweatshirt-classic-crewneck-sweatshirts-black-2.webp,7,Classic Crewneck Sweatshirt - view 7,,,,,,,,,,,,,,,,,,
,classic-crewneck-sweatshirt,,,,,,,,,,,,,,,,,,,,,,,,,,,,,,,,,,,https://d3o8u8o2i2q94t.cloudfront.net/products/1776588231335-sweatshirt-classic-crewneck-sweatshirts-black-8.webp,8,Classic Crewneck Sweatshirt - view 8,,,,,,,,,,,,,,,,,,
,classic-crewneck-sweatshirt,,,,,,,,,,,,,,,,,,,,,,,,,,,,,,,,,,,https://d3o8u8o2i2q94t.cloudfront.net/products/1776588219831-sweatshirt-classic-crewneck-sweatshirts-black-3.webp,9,Classic Crewneck Sweatshirt - view 9,,,,,,,,,,,,,,,,,,
,classic-crewneck-sweatshirt,,,,,,,,,,,,,,,,,,,,,,,,,,,,,,,,,,,https://d3o8u8o2i2q94t.cloudfront.net/products/1776588223765-sweatshirt-classic-crewneck-sweatshirts-black-5.webp,10,Classic Crewneck Sweatshirt - view 10,,,,,,,,,,,,,,,,,,
,classic-crewneck-sweatshirt,,,,,,,,,,,,,,,,,,,,,,,,,,,,,,,,,,,https://d3o8u8o2i2q94t.cloudfront.net/products/1776588226916-sweatshirt-classic-crewneck-sweatshirts-black-6.webp,11,Classic Crewneck Sweatshirt - view 11,,,,,,,,,,,,,,,,,,
,classic-crewneck-sweatshirt,,,,,,,,,,,,,,,,,,,,,,,,,,,,,,,,,,,https://d3o8u8o2i2q94t.cloudfront.net/products/1776588229864-sweatshirt-classic-crewneck-sweatshirts-black-7.webp,12,Classic Crewneck Sweatshirt - view 12,,,,,,,,,,,,,,,,,,
,classic-crewneck-sweatshirt,,,,,,,,,,,,,,,,,,,,,,,,,,,,,,,,,,,https://d3o8u8o2i2q94t.cloudfront.net/products/1776588221378-sweatshirt-classic-crewneck-sweatshirts-black-4.webp,13,Classic Crewneck Sweatshirt - view 13,,,,,,,,,,,,,,,,,,
,classic-crewneck-sweatshirt,,,,,,,,,,,,,,,,,,,,,,,,,,,,,,,,,,,https://d3o8u8o2i2q94t.cloudfront.net/products/1776588232647-sweatshirt-classic-crewneck-sweatshirts-black-10.webp,14,Classic Crewneck Sweatshirt - view 14,,,,,,,,,,,,,,,,,,
Classic Regular Work Crochet Bag,classic-regular-work-crochet-bag,"the perfect work-to-weekend bag. This lightweight, hand-crocheted tote is crafted and lined with materials and fitted with a trio of pockets. Ideal for Casual Fridays and any adventures that follow",Solomon & Sage,Apparel & Accessories > Clothing,Accessories,,TRUE,active,CRO-WHMU-01,,Size,One Size,,Color,White/Multi,,,,,82.00,,,TRUE,,,,,,shopify,0,DENY,,g,TRUE,manual,https://d3o8u8o2i2q94t.cloudfront.net/products/1776636327931-1.webp,1,Classic Regular Work Crochet Bag,https://d3o8u8o2i2q94t.cloudfront.net/products/1776636327931-1.webp,FALSE,Classic Regular Work Crochet Bag | Solomon & Sage,"the perfect work-to-weekend bag. This lightweight, hand-crocheted tote is crafted and lined with materials and fitted with a trio of pockets. Ideal for Casual F",White/Multi,Apparel & Accessories > Clothing,,,,,,new,,,,,,
,classic-regular-work-crochet-bag,,,,,,,,,,,,,,,,,,,,,,,,,,,,,,,,,,,https://d3o8u8o2i2q94t.cloudfront.net/products/1776636331355-2.webp,2,Classic Regular Work Crochet Bag - view 2,,,,,,,,,,,,,,,,,,
,classic-regular-work-crochet-bag,,,,,,,,,,,,,,,,,,,,,,,,,,,,,,,,,,,https://d3o8u8o2i2q94t.cloudfront.net/products/1776636333451-3.webp,3,Classic Regular Work Crochet Bag - view 3,,,,,,,,,,,,,,,,,,
,classic-regular-work-crochet-bag,,,,,,,,,,,,,,,,,,,,,,,,,,,,,,,,,,,https://d3o8u8o2i2q94t.cloudfront.net/products/1776636334946-4.webp,4,Classic Regular Work Crochet Bag - view 4,,,,,,,,,,,,,,,,,,
,classic-regular-work-crochet-bag,,,,,,,,,,,,,,,,,,,,,,,,,,,,,,,,,,,https://d3o8u8o2i2q94t.cloudfront.net/products/1776636336704-5.webp,5,Classic Regular Work Crochet Bag - view 5,,,,,,,,,,,,,,,,,,
,classic-regular-work-crochet-bag,,,,,,,,,,,,,,,,,,,,,,,,,,,,,,,,,,,https://d3o8u8o2i2q94t.cloudfront.net/products/1776636338847-6.webp,6,Classic Regular Work Crochet Bag - view 6,,,,,,,,,,,,,,,,,,
,classic-regular-work-crochet-bag,,,,,,,,,,,,,,,,,,,,,,,,,,,,,,,,,,,https://d3o8u8o2i2q94t.cloudfront.net/products/1776636341127-7.webp,7,Classic Regular Work Crochet Bag - view 7,,,,,,,,,,,,,,,,,,
,classic-regular-work-crochet-bag,,,,,,,,,,,,,,,,,,,,,,,,,,,,,,,,,,,https://d3o8u8o2i2q94t.cloudfront.net/products/1776636343233-render--1-.webp,8,Classic Regular Work Crochet Bag - view 8,,,,,,,,,,,,,,,,,,
,classic-regular-work-crochet-bag,,,,,,,,,,,,,,,,,,,,,,,,,,,,,,,,,,,https://d3o8u8o2i2q94t.cloudfront.net/products/1776636345058-render.webp,9,Classic Regular Work Crochet Bag - view 9,,,,,,,,,,,,,,,,,,
Granny Square Crochet Tote Bag with Bamboo Handles,granny-square-crochet-tote-bag-with-bamboo-handles,"A retro-inspired statement piece crafted from chunky hand-crocheted granny squares in a warm, earthy palette of chocolate brown, blush pink, sunshine yellow, taupe, and ivory. Finished with polished bamboo top handles and a sleek leather-look shoulder strap, this boho-chic tote effortlessly blends artisan craftsmanship with everyday functionality — perfect for weekend getaways, farmers markets, or beach days.",Solomon & Sage,Apparel & Accessories > Clothing,Accessories,,TRUE,active,BA-MULTIC-001,,Size,One Size,,Color,Multi,,,,,88.00,,,TRUE,,,,,,shopify,1,DENY,,g,TRUE,manual,https://d3o8u8o2i2q94t.cloudfront.net/products/1776637002277-1.webp,1,Granny Square Crochet Tote Bag with Bamboo Handles,https://d3o8u8o2i2q94t.cloudfront.net/products/1776637002277-1.webp,FALSE,Granny Square Crochet Tote Bag with Bamboo Handles | Solomon & Sage,"A retro-inspired statement piece crafted from chunky hand-crocheted granny squares in a warm, earthy palette of chocolate brown, blush pink, sunshine yellow, ta",Multi,Apparel & Accessories > Clothing,,,,,,new,,,,,,
,granny-square-crochet-tote-bag-with-bamboo-handles,,,,,,,,,,,,,,,,,,,,,,,,,,,,,,,,,,,https://d3o8u8o2i2q94t.cloudfront.net/products/1776637005356-2.webp,2,Granny Square Crochet Tote Bag with Bamboo Handles - view 2,,,,,,,,,,,,,,,,,,
,granny-square-crochet-tote-bag-with-bamboo-handles,,,,,,,,,,,,,,,,,,,,,,,,,,,,,,,,,,,https://d3o8u8o2i2q94t.cloudfront.net/products/1776637006679-3.webp,3,Granny Square Crochet Tote Bag with Bamboo Handles - view 3,,,,,,,,,,,,,,,,,,
,granny-square-crochet-tote-bag-with-bamboo-handles,,,,,,,,,,,,,,,,,,,,,,,,,,,,,,,,,,,https://d3o8u8o2i2q94t.cloudfront.net/products/1776637008145-4.webp,4,Granny Square Crochet Tote Bag with Bamboo Handles - view 4,,,,,,,,,,,,,,,,,,
,granny-square-crochet-tote-bag-with-bamboo-handles,,,,,,,,,,,,,,,,,,,,,,,,,,,,,,,,,,,https://d3o8u8o2i2q94t.cloudfront.net/products/1776637009577-5.webp,5,Granny Square Crochet Tote Bag with Bamboo Handles - view 5,,,,,,,,,,,,,,,,,,
,granny-square-crochet-tote-bag-with-bamboo-handles,,,,,,,,,,,,,,,,,,,,,,,,,,,,,,,,,,,https://d3o8u8o2i2q94t.cloudfront.net/products/1776637010970-6.webp,6,Granny Square Crochet Tote Bag with Bamboo Handles - view 6,,,,,,,,,,,,,,,,,,
,granny-square-crochet-tote-bag-with-bamboo-handles,,,,,,,,,,,,,,,,,,,,,,,,,,,,,,,,,,,https://d3o8u8o2i2q94t.cloudfront.net/products/1776637012889-7.webp,7,Granny Square Crochet Tote Bag with Bamboo Handles - view 7,,,,,,,,,,,,,,,,,,
,granny-square-crochet-tote-bag-with-bamboo-handles,,,,,,,,,,,,,,,,,,,,,,,,,,,,,,,,,,,https://d3o8u8o2i2q94t.cloudfront.net/products/1776637014187-8.webp,8,Granny Square Crochet Tote Bag with Bamboo Handles - view 8,,,,,,,,,,,,,,,,,,
,granny-square-crochet-tote-bag-with-bamboo-handles,,,,,,,,,,,,,,,,,,,,,,,,,,,,,,,,,,,https://d3o8u8o2i2q94t.cloudfront.net/products/1776637015483-9.webp,9,Granny Square Crochet Tote Bag with Bamboo Handles - view 9,,,,,,,,,,,,,,,,,,
,granny-square-crochet-tote-bag-with-bamboo-handles,,,,,,,,,,,,,,,,,,,,,,,,,,,,,,,,,,,https://d3o8u8o2i2q94t.cloudfront.net/products/1776637166393-render.webp,10,Granny Square Crochet Tote Bag with Bamboo Handles - view 10,,,,,,,,,,,,,,,,,,
Men's Classic Crew Neck T-Shirt,mens-classic-crew-neck-t-shirt,"Built for comfort and style, this classic tee in a sophisticated sage hue is your everyday essential. Designed with a soft, breathable hand and a clean, easy silhouette, it layers seamlessly under jackets or wears solo with denim. Versatile enough for tailored trousers and laid-back enough for weekend wear.",Solomon & Sage,Apparel & Accessories > Clothing,Tops,"men, tops",TRUE,active,TEE-SAGE-XS,,Size,XS,,Color,Sage Green,,,,,41.00,,,TRUE,,,,,,shopify,0,DENY,,g,TRUE,manual,https://d3o8u8o2i2q94t.cloudfront.net/products/mens-classic-crew-neck-t-shirt/sage-green/mens-classic-crew-neck-t-shirt-sage-green-5.webp,1,Men's Classic Crew Neck T-Shirt,https://d3o8u8o2i2q94t.cloudfront.net/products/mens-classic-crew-neck-t-shirt/sage-green/mens-classic-crew-neck-t-shirt-sage-green-5.webp,FALSE,Men's Classic Crew Neck T-Shirt | Solomon & Sage,"Built for comfort and style, this classic tee in a sophisticated sage hue is your everyday essential. Designed with a soft, breathable hand and a clean, easy si",Sage Green,Apparel & Accessories > Clothing,,,,,,new,,,,,,
,mens-classic-crew-neck-t-shirt,,,,,,,,MCCNT-SAGE-S,810221392019,,S,,,Sage Green,,,,,41.00,,,TRUE,,,,,,shopify,0,DENY,,g,TRUE,manual,,,,https://d3o8u8o2i2q94t.cloudfront.net/products/mens-classic-crew-neck-t-shirt/sage-green/mens-classic-crew-neck-t-shirt-sage-green-5.webp,FALSE,,,,,,,,,,,,,,,,
,mens-classic-crew-neck-t-shirt,,,,,,,,MCCNT-SAGE-M,810221392026,,M,,,Sage Green,,,,,41.00,,,TRUE,,,,,,shopify,2,DENY,,g,TRUE,manual,,,,https://d3o8u8o2i2q94t.cloudfront.net/products/mens-classic-crew-neck-t-shirt/sage-green/mens-classic-crew-neck-t-shirt-sage-green-5.webp,FALSE,,,,,,,,,,,,,,,,
,mens-classic-crew-neck-t-shirt,,,,,,,,MCCNT-SAGE-L,810221392033,,L,,,Sage Green,,,,,41.00,,,TRUE,,,,,,shopify,2,DENY,,g,TRUE,manual,,,,https://d3o8u8o2i2q94t.cloudfront.net/products/mens-classic-crew-neck-t-shirt/sage-green/mens-classic-crew-neck-t-shirt-sage-green-5.webp,FALSE,,,,,,,,,,,,,,,,
,mens-classic-crew-neck-t-shirt,,,,,,,,MCCNT-SAGE-XL,810221392040,,XL,,,Sage Green,,,,,41.00,,,TRUE,,,,,,shopify,2,DENY,,g,TRUE,manual,,,,https://d3o8u8o2i2q94t.cloudfront.net/products/mens-classic-crew-neck-t-shirt/sage-green/mens-classic-crew-neck-t-shirt-sage-green-5.webp,FALSE,,,,,,,,,,,,,,,,
,mens-classic-crew-neck-t-shirt,,,,,,,,,,,,,,,,,,,,,,,,,,,,,,,,,,,https://d3o8u8o2i2q94t.cloudfront.net/products/mens-classic-crew-neck-t-shirt/sage-green/mens-classic-crew-neck-t-shirt-sage-green-6.webp,2,Men's Classic Crew Neck T-Shirt - view 2,,,,,,,,,,,,,,,,,,
,mens-classic-crew-neck-t-shirt,,,,,,,,,,,,,,,,,,,,,,,,,,,,,,,,,,,https://d3o8u8o2i2q94t.cloudfront.net/products/mens-classic-crew-neck-t-shirt/sage-green/mens-classic-crew-neck-t-shirt-sage-green-8.webp,3,Men's Classic Crew Neck T-Shirt - view 3,,,,,,,,,,,,,,,,,,
,mens-classic-crew-neck-t-shirt,,,,,,,,,,,,,,,,,,,,,,,,,,,,,,,,,,,https://d3o8u8o2i2q94t.cloudfront.net/products/mens-classic-crew-neck-t-shirt/sage-green/mens-classic-crew-neck-t-shirt-sage-green-10.webp,4,Men's Classic Crew Neck T-Shirt - view 4,,,,,,,,,,,,,,,,,,
,mens-classic-crew-neck-t-shirt,,,,,,,,,,,,,,,,,,,,,,,,,,,,,,,,,,,https://d3o8u8o2i2q94t.cloudfront.net/products/mens-classic-crew-neck-t-shirt/sage-green/mens-classic-crew-neck-t-shirt-sage-green-11.webp,5,Men's Classic Crew Neck T-Shirt - view 5,,,,,,,,,,,,,,,,,,
,mens-classic-crew-neck-t-shirt,,,,,,,,,,,,,,,,,,,,,,,,,,,,,,,,,,,https://d3o8u8o2i2q94t.cloudfront.net/products/mens-classic-crew-neck-t-shirt/sage-green/mens-classic-crew-neck-t-shirt-sage-green-3.webp,6,Men's Classic Crew Neck T-Shirt - view 6,,,,,,,,,,,,,,,,,,
,mens-classic-crew-neck-t-shirt,,,,,,,,,,,,,,,,,,,,,,,,,,,,,,,,,,,https://d3o8u8o2i2q94t.cloudfront.net/products/mens-classic-crew-neck-t-shirt/sage-green/mens-classic-crew-neck-t-shirt-sage-green-1.webp,7,Men's Classic Crew Neck T-Shirt - view 7,,,,,,,,,,,,,,,,,,
,mens-classic-crew-neck-t-shirt,,,,,,,,,,,,,,,,,,,,,,,,,,,,,,,,,,,https://d3o8u8o2i2q94t.cloudfront.net/products/mens-classic-crew-neck-t-shirt/sage-green/mens-classic-crew-neck-t-shirt-sage-green-4.webp,8,Men's Classic Crew Neck T-Shirt - view 8,,,,,,,,,,,,,,,,,,
,mens-classic-crew-neck-t-shirt,,,,,,,,,,,,,,,,,,,,,,,,,,,,,,,,,,,https://d3o8u8o2i2q94t.cloudfront.net/products/mens-classic-crew-neck-t-shirt/sage-green/mens-classic-crew-neck-t-shirt-sage-green-2.webp,9,Men's Classic Crew Neck T-Shirt - view 9,,,,,,,,,,,,,,,,,,
Men's Classic Fit Striped Crew Neck T-Shirt,mens-classic-fit-striped-crew-neck-t-shirt,"Meet your new go-to from Solomon & Sage. This easygoing striped tee delivers timeless appeal in a soft, breathable hand and a flattering everyday silhouette. The natural cream and tan palette pairs effortlessly with everything in your closet, making it the perfect layering piece or standalone essential.",Solomon & Sage,Apparel & Accessories > Clothing,Tops,"men, tops",TRUE,active,MCFSCN-NATU-S,810221391906,Size,S,,Color,Natural/Cream,,,,,44.00,,,TRUE,,,,,,shopify,0,DENY,,g,TRUE,manual,https://d3o8u8o2i2q94t.cloudfront.net/products/mens-classc-fit-striped-crew-neck-t-shirt/natural-cream/mens-classc-fit-striped-crew-neck-t-shirt-natural-cream-4.webp,1,Men's Classic Fit Striped Crew Neck T-Shirt,https://d3o8u8o2i2q94t.cloudfront.net/products/mens-classc-fit-striped-crew-neck-t-shirt/natural-cream/mens-classc-fit-striped-crew-neck-t-shirt-natural-cream-4.webp,FALSE,Men's Classic Fit Striped Crew Neck T-Shirt | Solomon & Sage,"Meet your new go-to from Solomon & Sage. This easygoing striped tee delivers timeless appeal in a soft, breathable hand and a flattering everyday silhouette. Th",Natural/Cream,Apparel & Accessories > Clothing,,,,,,new,,,,,,
,mens-classic-fit-striped-crew-neck-t-shirt,,,,,,,,MCFSCN-NATU-M,810221391951,,M,,,Natural/Cream,,,,,44.00,,,TRUE,,,,,,shopify,2,DENY,,g,TRUE,manual,,,,https://d3o8u8o2i2q94t.cloudfront.net/products/mens-classc-fit-striped-crew-neck-t-shirt/natural-cream/mens-classc-fit-striped-crew-neck-t-shirt-natural-cream-4.webp,FALSE,,,,,,,,,,,,,,,,
,mens-classic-fit-striped-crew-neck-t-shirt,,,,,,,,MCFSCN-NATU-L,810221392002,,L,,,Natural/Cream,,,,,44.00,,,TRUE,,,,,,shopify,1,DENY,,g,TRUE,manual,,,,https://d3o8u8o2i2q94t.cloudfront.net/products/mens-classc-fit-striped-crew-neck-t-shirt/natural-cream/mens-classc-fit-striped-crew-neck-t-shirt-natural-cream-4.webp,FALSE,,,,,,,,,,,,,,,,
,mens-classic-fit-striped-crew-neck-t-shirt,,,,,,,,MCFSCN-NATU-XL,810221394075,,XL,,,Natural/Cream,,,,,44.00,,,TRUE,,,,,,shopify,2,DENY,,g,TRUE,manual,,,,https://d3o8u8o2i2q94t.cloudfront.net/products/mens-classc-fit-striped-crew-neck-t-shirt/natural-cream/mens-classc-fit-striped-crew-neck-t-shirt-natural-cream-4.webp,FALSE,,,,,,,,,,,,,,,,
,mens-classic-fit-striped-crew-neck-t-shirt,,,,,,,,,,,,,,,,,,,,,,,,,,,,,,,,,,,https://d3o8u8o2i2q94t.cloudfront.net/products/mens-classc-fit-striped-crew-neck-t-shirt/natural-cream/mens-classc-fit-striped-crew-neck-t-shirt-natural-cream-5.webp,2,Men's Classic Fit Striped Crew Neck T-Shirt - view 2,,,,,,,,,,,,,,,,,,
,mens-classic-fit-striped-crew-neck-t-shirt,,,,,,,,,,,,,,,,,,,,,,,,,,,,,,,,,,,https://d3o8u8o2i2q94t.cloudfront.net/products/mens-classc-fit-striped-crew-neck-t-shirt/natural-cream/mens-classc-fit-striped-crew-neck-t-shirt-natural-cream-6.webp,3,Men's Classic Fit Striped Crew Neck T-Shirt - view 3,,,,,,,,,,,,,,,,,,
,mens-classic-fit-striped-crew-neck-t-shirt,,,,,,,,,,,,,,,,,,,,,,,,,,,,,,,,,,,https://d3o8u8o2i2q94t.cloudfront.net/products/mens-classc-fit-striped-crew-neck-t-shirt/natural-cream/mens-classc-fit-striped-crew-neck-t-shirt-natural-cream-8.webp,4,Men's Classic Fit Striped Crew Neck T-Shirt - view 4,,,,,,,,,,,,,,,,,,
,mens-classic-fit-striped-crew-neck-t-shirt,,,,,,,,,,,,,,,,,,,,,,,,,,,,,,,,,,,https://d3o8u8o2i2q94t.cloudfront.net/products/mens-classc-fit-striped-crew-neck-t-shirt/natural-cream/mens-classc-fit-striped-crew-neck-t-shirt-natural-cream-7.webp,5,Men's Classic Fit Striped Crew Neck T-Shirt - view 5,,,,,,,,,,,,,,,,,,
,mens-classic-fit-striped-crew-neck-t-shirt,,,,,,,,,,,,,,,,,,,,,,,,,,,,,,,,,,,https://d3o8u8o2i2q94t.cloudfront.net/products/mens-classc-fit-striped-crew-neck-t-shirt/natural-cream/mens-classc-fit-striped-crew-neck-t-shirt-natural-cream-1.webp,6,Men's Classic Fit Striped Crew Neck T-Shirt - view 6,,,,,,,,,,,,,,,,,,
,mens-classic-fit-striped-crew-neck-t-shirt,,,,,,,,,,,,,,,,,,,,,,,,,,,,,,,,,,,https://d3o8u8o2i2q94t.cloudfront.net/products/mens-classc-fit-striped-crew-neck-t-shirt/natural-cream/mens-classc-fit-striped-crew-neck-t-shirt-natural-cream-3.webp,7,Men's Classic Fit Striped Crew Neck T-Shirt - view 7,,,,,,,,,,,,,,,,,,
,mens-classic-fit-striped-crew-neck-t-shirt,,,,,,,,,,,,,,,,,,,,,,,,,,,,,,,,,,,https://d3o8u8o2i2q94t.cloudfront.net/products/mens-classc-fit-striped-crew-neck-t-shirt/natural-cream/mens-classc-fit-striped-crew-neck-t-shirt-natural-cream-2.webp,8,Men's Classic Fit Striped Crew Neck T-Shirt - view 8,,,,,,,,,,,,,,,,,,
Men's Classic Stripe Ribbed Sweatshirt,mens-classic-stripe-ribbed-sweatshirt,"A timeless wardrobe essential, this classic striped sweatshirt features a soft ribbed cotton-blend construction with comfortable stretch. The navy and cream horizontal stripe pattern offers nautical-inspired style, while the relaxed crew neckline and ribbed cuffs provide a polished finish perfect for casual everyday wear.",Solomon & Sage,Apparel & Accessories > Clothing,Tops,"men, tops",TRUE,active,MCSRS-NAVY-S,810221393290,Size,S,,Color,Navy/Cream,,,,,65.00,,,TRUE,,,,,,shopify,0,DENY,,g,TRUE,manual,https://d3o8u8o2i2q94t.cloudfront.net/products/mens-classic-stripe-ribbed-sweatshirt/navy-cream/mens-classic-stripe-ribbed-sweatshirt-navy-cream-4.webp,1,Men's Classic Stripe Ribbed Sweatshirt,https://d3o8u8o2i2q94t.cloudfront.net/products/mens-classic-stripe-ribbed-sweatshirt/navy-cream/mens-classic-stripe-ribbed-sweatshirt-navy-cream-4.webp,FALSE,Men's Classic Stripe Ribbed Sweatshirt | Solomon & Sage,"A timeless wardrobe essential, this classic striped sweatshirt features a soft ribbed cotton-blend construction with comfortable stretch. The navy and cream hor",Navy/Cream,Apparel & Accessories > Clothing,,,,,,new,,,,,,
,mens-classic-stripe-ribbed-sweatshirt,,,,,,,,MCSRS-NAVY-M,810221393306,,M,,,Navy/Cream,,,,,65.00,,,TRUE,,,,,,shopify,0,DENY,,g,TRUE,manual,,,,https://d3o8u8o2i2q94t.cloudfront.net/products/mens-classic-stripe-ribbed-sweatshirt/navy-cream/mens-classic-stripe-ribbed-sweatshirt-navy-cream-4.webp,FALSE,,,,,,,,,,,,,,,,
,mens-classic-stripe-ribbed-sweatshirt,,,,,,,,MCSRS-NAVY-L,810221393313,,L,,,Navy/Cream,,,,,65.00,,,TRUE,,,,,,shopify,3,DENY,,g,TRUE,manual,,,,https://d3o8u8o2i2q94t.cloudfront.net/products/mens-classic-stripe-ribbed-sweatshirt/navy-cream/mens-classic-stripe-ribbed-sweatshirt-navy-cream-4.webp,FALSE,,,,,,,,,,,,,,,,
,mens-classic-stripe-ribbed-sweatshirt,,,,,,,,MCSRS-NAVY-XL,810221393320,,XL,,,Navy/Cream,,,,,65.00,,,TRUE,,,,,,shopify,3,DENY,,g,TRUE,manual,,,,https://d3o8u8o2i2q94t.cloudfront.net/products/mens-classic-stripe-ribbed-sweatshirt/navy-cream/mens-classic-stripe-ribbed-sweatshirt-navy-cream-4.webp,FALSE,,,,,,,,,,,,,,,,
,mens-classic-stripe-ribbed-sweatshirt,,,,,,,,,,,,,,,,,,,,,,,,,,,,,,,,,,,https://d3o8u8o2i2q94t.cloudfront.net/products/mens-classic-stripe-ribbed-sweatshirt/navy-cream/mens-classic-stripe-ribbed-sweatshirt-navy-cream-5.webp,2,Men's Classic Stripe Ribbed Sweatshirt - view 2,,,,,,,,,,,,,,,,,,
,mens-classic-stripe-ribbed-sweatshirt,,,,,,,,,,,,,,,,,,,,,,,,,,,,,,,,,,,https://d3o8u8o2i2q94t.cloudfront.net/products/mens-classic-stripe-ribbed-sweatshirt/navy-cream/mens-classic-stripe-ribbed-sweatshirt-navy-cream-9.webp,3,Men's Classic Stripe Ribbed Sweatshirt - view 3,,,,,,,,,,,,,,,,,,
,mens-classic-stripe-ribbed-sweatshirt,,,,,,,,,,,,,,,,,,,,,,,,,,,,,,,,,,,https://d3o8u8o2i2q94t.cloudfront.net/products/mens-classic-stripe-ribbed-sweatshirt/navy-cream/mens-classic-stripe-ribbed-sweatshirt-navy-cream-7.webp,4,Men's Classic Stripe Ribbed Sweatshirt - view 4,,,,,,,,,,,,,,,,,,
,mens-classic-stripe-ribbed-sweatshirt,,,,,,,,,,,,,,,,,,,,,,,,,,,,,,,,,,,https://d3o8u8o2i2q94t.cloudfront.net/products/mens-classic-stripe-ribbed-sweatshirt/navy-cream/mens-classic-stripe-ribbed-sweatshirt-navy-cream-6.webp,5,Men's Classic Stripe Ribbed Sweatshirt - view 5,,,,,,,,,,,,,,,,,,
,mens-classic-stripe-ribbed-sweatshirt,,,,,,,,,,,,,,,,,,,,,,,,,,,,,,,,,,,https://d3o8u8o2i2q94t.cloudfront.net/products/mens-classic-stripe-ribbed-sweatshirt/navy-cream/mens-classic-stripe-ribbed-sweatshirt-navy-cream-10.webp,6,Men's Classic Stripe Ribbed Sweatshirt - view 6,,,,,,,,,,,,,,,,,,
,mens-classic-stripe-ribbed-sweatshirt,,,,,,,,,,,,,,,,,,,,,,,,,,,,,,,,,,,https://d3o8u8o2i2q94t.cloudfront.net/products/mens-classic-stripe-ribbed-sweatshirt/navy-cream/mens-classic-stripe-ribbed-sweatshirt-navy-cream-3.webp,7,Men's Classic Stripe Ribbed Sweatshirt - view 7,,,,,,,,,,,,,,,,,,
,mens-classic-stripe-ribbed-sweatshirt,,,,,,,,,,,,,,,,,,,,,,,,,,,,,,,,,,,https://d3o8u8o2i2q94t.cloudfront.net/products/mens-classic-stripe-ribbed-sweatshirt/navy-cream/mens-classic-stripe-ribbed-sweatshirt-navy-cream-1.webp,8,Men's Classic Stripe Ribbed Sweatshirt - view 8,,,,,,,,,,,,,,,,,,
,mens-classic-stripe-ribbed-sweatshirt,,,,,,,,,,,,,,,,,,,,,,,,,,,,,,,,,,,https://d3o8u8o2i2q94t.cloudfront.net/products/mens-classic-stripe-ribbed-sweatshirt/navy-cream/mens-classic-stripe-ribbed-sweatshirt-navy-cream-2.webp,9,Men's Classic Stripe Ribbed Sweatshirt - view 9,,,,,,,,,,,,,,,,,,
Men's Colorblock Stripe Crew Neck Knit Sweater,mens-colorblock-stripe-crew-neck-knit-sweater,"Designed for everyday comfort, this classic cotton crew neck sweater featuring bold colorblock stripes. Crafted from 100% cotton in a cream base with striking royal blue and navy horizontal bands, this lightweight offers effortless style for layering or wearing solo. The clean silhouette and ribbed trim at the neck, cuffs, and hem ensure a polished finish.",Solomon & Sage,Apparel & Accessories > Clothing,Tops,"men, tops",TRUE,active,MCSCNK-CREA-S,810221393825,Size,S,,Color,Cream/Navy,,,,,41.00,,,TRUE,,,,,,shopify,2,DENY,,g,TRUE,manual,https://d3o8u8o2i2q94t.cloudfront.net/products/mens-colorblock-stripe-crew-neck-knit-sweater/cream-navy/mens-colorblock-stripe-crew-neck-knit-sweater-cream-navy-4.webp,1,Men's Colorblock Stripe Crew Neck Knit Sweater,https://d3o8u8o2i2q94t.cloudfront.net/products/mens-colorblock-stripe-crew-neck-knit-sweater/cream-navy/mens-colorblock-stripe-crew-neck-knit-sweater-cream-navy-4.webp,FALSE,Men's Colorblock Stripe Crew Neck Knit Sweater | Solomon & Sage,"Designed for everyday comfort, this classic cotton crew neck sweater featuring bold colorblock stripes. Crafted from 100% cotton in a cream base with striking r",Cream/Navy,Apparel & Accessories > Clothing,,,,,,new,,,,,,
,mens-colorblock-stripe-crew-neck-knit-sweater,,,,,,,,MCSCNK-CREA-M,810221393832,,M,,,Cream/Navy,,,,,41.00,,,TRUE,,,,,,shopify,9,DENY,,g,TRUE,manual,,,,https://d3o8u8o2i2q94t.cloudfront.net/products/mens-colorblock-stripe-crew-neck-knit-sweater/cream-navy/mens-colorblock-stripe-crew-neck-knit-sweater-cream-navy-4.webp,FALSE,,,,,,,,,,,,,,,,
,mens-colorblock-stripe-crew-neck-knit-sweater,,,,,,,,MCSCNK-CREA-L,810221393849,,L,,,Cream/Navy,,,,,41.00,,,TRUE,,,,,,shopify,3,DENY,,g,TRUE,manual,,,,https://d3o8u8o2i2q94t.cloudfront.net/products/mens-colorblock-stripe-crew-neck-knit-sweater/cream-navy/mens-colorblock-stripe-crew-neck-knit-sweater-cream-navy-4.webp,FALSE,,,,,,,,,,,,,,,,
,mens-colorblock-stripe-crew-neck-knit-sweater,,,,,,,,MCSCNK-CREA-XL,810221393856,,XL,,,Cream/Navy,,,,,41.00,,,TRUE,,,,,,shopify,0,DENY,,g,TRUE,manual,,,,https://d3o8u8o2i2q94t.cloudfront.net/products/mens-colorblock-stripe-crew-neck-knit-sweater/cream-navy/mens-colorblock-stripe-crew-neck-knit-sweater-cream-navy-4.webp,FALSE,,,,,,,,,,,,,,,,
,mens-colorblock-stripe-crew-neck-knit-sweater,,,,,,,,,,,,,,,,,,,,,,,,,,,,,,,,,,,https://d3o8u8o2i2q94t.cloudfront.net/products/mens-colorblock-stripe-crew-neck-knit-sweater/cream-navy/mens-colorblock-stripe-crew-neck-knit-sweater-cream-navy-8.webp,2,Men's Colorblock Stripe Crew Neck Knit Sweater - view 2,,,,,,,,,,,,,,,,,,
,mens-colorblock-stripe-crew-neck-knit-sweater,,,,,,,,,,,,,,,,,,,,,,,,,,,,,,,,,,,https://d3o8u8o2i2q94t.cloudfront.net/products/mens-colorblock-stripe-crew-neck-knit-sweater/cream-navy/mens-colorblock-stripe-crew-neck-knit-sweater-cream-navy-6.webp,3,Men's Colorblock Stripe Crew Neck Knit Sweater - view 3,,,,,,,,,,,,,,,,,,
,mens-colorblock-stripe-crew-neck-knit-sweater,,,,,,,,,,,,,,,,,,,,,,,,,,,,,,,,,,,https://d3o8u8o2i2q94t.cloudfront.net/products/mens-colorblock-stripe-crew-neck-knit-sweater/cream-navy/mens-colorblock-stripe-crew-neck-knit-sweater-cream-navy-9.webp,4,Men's Colorblock Stripe Crew Neck Knit Sweater - view 4,,,,,,,,,,,,,,,,,,
,mens-colorblock-stripe-crew-neck-knit-sweater,,,,,,,,,,,,,,,,,,,,,,,,,,,,,,,,,,,https://d3o8u8o2i2q94t.cloudfront.net/products/mens-colorblock-stripe-crew-neck-knit-sweater/cream-navy/mens-colorblock-stripe-crew-neck-knit-sweater-cream-navy-7.webp,5,Men's Colorblock Stripe Crew Neck Knit Sweater - view 5,,,,,,,,,,,,,,,,,,
,mens-colorblock-stripe-crew-neck-knit-sweater,,,,,,,,,,,,,,,,,,,,,,,,,,,,,,,,,,,https://d3o8u8o2i2q94t.cloudfront.net/products/mens-colorblock-stripe-crew-neck-knit-sweater/cream-navy/mens-colorblock-stripe-crew-neck-knit-sweater-cream-navy-1.webp,6,Men's Colorblock Stripe Crew Neck Knit Sweater - view 6,,,,,,,,,,,,,,,,,,
,mens-colorblock-stripe-crew-neck-knit-sweater,,,,,,,,,,,,,,,,,,,,,,,,,,,,,,,,,,,https://d3o8u8o2i2q94t.cloudfront.net/products/mens-colorblock-stripe-crew-neck-knit-sweater/cream-navy/mens-colorblock-stripe-crew-neck-knit-sweater-cream-navy-3.webp,7,Men's Colorblock Stripe Crew Neck Knit Sweater - view 7,,,,,,,,,,,,,,,,,,
,mens-colorblock-stripe-crew-neck-knit-sweater,,,,,,,,,,,,,,,,,,,,,,,,,,,,,,,,,,,https://d3o8u8o2i2q94t.cloudfront.net/products/mens-colorblock-stripe-crew-neck-knit-sweater/cream-navy/mens-colorblock-stripe-crew-neck-knit-sweater-cream-navy-2.webp,8,Men's Colorblock Stripe Crew Neck Knit Sweater - view 8,,,,,,,,,,,,,,,,,,
Men's Cotton Classic Stripe T-Shirt,mens-cotton-classic-stripe-t-shirt,"Crafted for the modern wardrobe, this timeless striped t-shirt crafted from soft 100% cotton. This Solomon & Sage classic features a flattering V-neck design with cream and black horizontal stripes, offering effortless style that pairs perfectly with jeans or chinos. A versatile essential for everyday comfort and laid-back sophistication.",Solomon & Sage,Apparel & Accessories > Clothing,Tops,,TRUE,active,MCCS-CLB-XS,,Size,XS,,Color,Cream/Light Black,,,,,32.40,48.00,,TRUE,,,,,,shopify,0,DENY,,g,TRUE,manual,https://d3o8u8o2i2q94t.cloudfront.net/products/1776195458615-men-s-cotton-classic-stripe-t-shirt-cream-light-black-1.webp,1,Men's Cotton Classic Stripe T-Shirt,https://d3o8u8o2i2q94t.cloudfront.net/products/1776195458615-men-s-cotton-classic-stripe-t-shirt-cream-light-black-1.webp,FALSE,Men's Cotton Classic Stripe T-Shirt | Solomon & Sage,"Crafted for the modern wardrobe, this timeless striped t-shirt crafted from soft 100% cotton. This Solomon & Sage classic features a flattering V-neck design wi",Cream/Light Black,Apparel & Accessories > Clothing,,,,,,new,,,,,,
,mens-cotton-classic-stripe-t-shirt,,,,,,,,MCCST-CREA-S,810221394044,,S,,,Cream/Light Black,,,,,32.40,48.00,,TRUE,,,,,,shopify,0,DENY,,g,TRUE,manual,,,,https://d3o8u8o2i2q94t.cloudfront.net/products/1776195458615-men-s-cotton-classic-stripe-t-shirt-cream-light-black-1.webp,FALSE,,,,,,,,,,,,,,,,
,mens-cotton-classic-stripe-t-shirt,,,,,,,,MCCST-CREA-M,810221394051,,M,,,Cream/Light Black,,,,,32.40,48.00,,TRUE,,,,,,shopify,2,DENY,,g,TRUE,manual,,,,https://d3o8u8o2i2q94t.cloudfront.net/products/1776195458615-men-s-cotton-classic-stripe-t-shirt-cream-light-black-1.webp,FALSE,,,,,,,,,,,,,,,,
,mens-cotton-classic-stripe-t-shirt,,,,,,,,MCCST-CREA-L,810221394068,,L,,,Cream/Light Black,,,,,32.40,48.00,,TRUE,,,,,,shopify,2,DENY,,g,TRUE,manual,,,,https://d3o8u8o2i2q94t.cloudfront.net/products/1776195458615-men-s-cotton-classic-stripe-t-shirt-cream-light-black-1.webp,FALSE,,,,,,,,,,,,,,,,
,mens-cotton-classic-stripe-t-shirt,,,,,,,,MCCS-CLB-XL,,,XL,,,Cream/Light Black,,,,,32.40,48.00,,TRUE,,,,,,shopify,2,DENY,,g,TRUE,manual,,,,https://d3o8u8o2i2q94t.cloudfront.net/products/1776195458615-men-s-cotton-classic-stripe-t-shirt-cream-light-black-1.webp,FALSE,,,,,,,,,,,,,,,,
,mens-cotton-classic-stripe-t-shirt,,,,,,,,MCCS-CLB-XXL,,,XXL,,,Cream/Light Black,,,,,32.40,48.00,,TRUE,,,,,,shopify,0,DENY,,g,TRUE,manual,,,,https://d3o8u8o2i2q94t.cloudfront.net/products/1776195458615-men-s-cotton-classic-stripe-t-shirt-cream-light-black-1.webp,FALSE,,,,,,,,,,,,,,,,
Men's Long-Sleeve Button-Down Shirt,mens-long-sleeve-button-down-shirt,"An everyday essential, this men's button-down shirt brings polish and comfort to your wardrobe rotation. Cut from a breathable, lightweight weave with a clean, tailored silhouette, it transitions effortlessly from the office to weekend outings. Pair with chinos for a refined look or layer under a knit for casual ease — a versatile piece built to work across every occasion.",Solomon & Sage,Apparel & Accessories > Clothing,Tops,"men, tops",TRUE,active,SHIRT-NAVY-XS,,Size,XS,,Color,Navy Blue,,,,,45.00,,,TRUE,,,,,,shopify,0,DENY,,g,TRUE,manual,https://d3o8u8o2i2q94t.cloudfront.net/products/men-s-long-sleeve-button-down-shirts/navy-blue/men-s-long-sleeve-button-down-shirts-navy-blue-9.webp,1,Men's Long-Sleeve Button-Down Shirt,https://d3o8u8o2i2q94t.cloudfront.net/products/men-s-long-sleeve-button-down-shirts/navy-blue/men-s-long-sleeve-button-down-shirts-navy-blue-9.webp,FALSE,Men's Long-Sleeve Button-Down Shirt | Solomon & Sage,"An everyday essential, this men's button-down shirt brings polish and comfort to your wardrobe rotation. Cut from a breathable, lightweight weave with a clean, ",Navy Blue; Olive Green,Apparel & Accessories > Clothing,,,,,,new,,,,,,
,mens-long-sleeve-button-down-shirt,,,,,,,,SHIRT-OLIV-XS,,,XS,,,Olive Green,,,,,45.00,,,TRUE,,,,,,shopify,0,DENY,,g,TRUE,manual,,,,https://d3o8u8o2i2q94t.cloudfront.net/products/men-s-long-sleeve-button-down-shirts/olive-green/men-s-long-sleeve-button-down-shirts-olive-green-7.webp,FALSE,,,,,,,,,,,,,,,,
,mens-long-sleeve-button-down-shirt,,,,,,,,MLBS-NAVY-S,810221394013,,S,,,Navy Blue,,,,,45.00,,,TRUE,,,,,,shopify,0,DENY,,g,TRUE,manual,,,,https://d3o8u8o2i2q94t.cloudfront.net/products/men-s-long-sleeve-button-down-shirts/navy-blue/men-s-long-sleeve-button-down-shirts-navy-blue-9.webp,FALSE,,,,,,,,,,,,,,,,
,mens-long-sleeve-button-down-shirt,,,,,,,,MLBS-OLIV-S,810221393979,,S,,,Olive Green,,,,,45.00,,,TRUE,,,,,,shopify,0,DENY,,g,TRUE,manual,,,,https://d3o8u8o2i2q94t.cloudfront.net/products/men-s-long-sleeve-button-down-shirts/olive-green/men-s-long-sleeve-button-down-shirts-olive-green-7.webp,FALSE,,,,,,,,,,,,,,,,
,mens-long-sleeve-button-down-shirt,,,,,,,,MLBS-NAVY-M,810221394020,,M,,,Navy Blue,,,,,45.00,,,TRUE,,,,,,shopify,2,DENY,,g,TRUE,manual,,,,https://d3o8u8o2i2q94t.cloudfront.net/products/men-s-long-sleeve-button-down-shirts/navy-blue/men-s-long-sleeve-button-down-shirts-navy-blue-9.webp,FALSE,,,,,,,,,,,,,,,,
,mens-long-sleeve-button-down-shirt,,,,,,,,MLBS-OLIV-M,810221393986,,M,,,Olive Green,,,,,45.00,,,TRUE,,,,,,shopify,2,DENY,,g,TRUE,manual,,,,https://d3o8u8o2i2q94t.cloudfront.net/products/men-s-long-sleeve-button-down-shirts/olive-green/men-s-long-sleeve-button-down-shirts-olive-green-7.webp,FALSE,,,,,,,,,,,,,,,,
,mens-long-sleeve-button-down-shirt,,,,,,,,MLBS-NAVY-L,810221394037,,L,,,Navy Blue,,,,,45.00,,,TRUE,,,,,,shopify,3,DENY,,g,TRUE,manual,,,,https://d3o8u8o2i2q94t.cloudfront.net/products/men-s-long-sleeve-button-down-shirts/navy-blue/men-s-long-sleeve-button-down-shirts-navy-blue-9.webp,FALSE,,,,,,,,,,,,,,,,
,mens-long-sleeve-button-down-shirt,,,,,,,,MLBS-OLIV-L,810221391203,,L,,,Olive Green,,,,,45.00,,,TRUE,,,,,,shopify,3,DENY,,g,TRUE,manual,,,,https://d3o8u8o2i2q94t.cloudfront.net/products/men-s-long-sleeve-button-down-shirts/olive-green/men-s-long-sleeve-button-down-shirts-olive-green-7.webp,FALSE,,,,,,,,,,,,,,,,
,mens-long-sleeve-button-down-shirt,,,,,,,,MLBS-NAVY-XL,810221393962,,XL,,,Navy Blue,,,,,45.00,,,TRUE,,,,,,shopify,0,DENY,,g,TRUE,manual,,,,https://d3o8u8o2i2q94t.cloudfront.net/products/men-s-long-sleeve-button-down-shirts/navy-blue/men-s-long-sleeve-button-down-shirts-navy-blue-9.webp,FALSE,,,,,,,,,,,,,,,,
,mens-long-sleeve-button-down-shirt,,,,,,,,MLBS-OLIV-XL,810221393993,,XL,,,Olive Green,,,,,45.00,,,TRUE,,,,,,shopify,0,DENY,,g,TRUE,manual,,,,https://d3o8u8o2i2q94t.cloudfront.net/products/men-s-long-sleeve-button-down-shirts/olive-green/men-s-long-sleeve-button-down-shirts-olive-green-7.webp,FALSE,,,,,,,,,,,,,,,,
,mens-long-sleeve-button-down-shirt,,,,,,,,,,,,,,,,,,,,,,,,,,,,,,,,,,,https://d3o8u8o2i2q94t.cloudfront.net/products/men-s-long-sleeve-button-down-shirts/navy-blue/men-s-long-sleeve-button-down-shirts-navy-blue-4.webp,2,Men's Long-Sleeve Button-Down Shirt - view 2,,,,,,,,,,,,,,,,,,
,mens-long-sleeve-button-down-shirt,,,,,,,,,,,,,,,,,,,,,,,,,,,,,,,,,,,https://d3o8u8o2i2q94t.cloudfront.net/products/men-s-long-sleeve-button-down-shirts/navy-blue/men-s-long-sleeve-button-down-shirts-navy-blue-8.webp,3,Men's Long-Sleeve Button-Down Shirt - view 3,,,,,,,,,,,,,,,,,,
,mens-long-sleeve-button-down-shirt,,,,,,,,,,,,,,,,,,,,,,,,,,,,,,,,,,,https://d3o8u8o2i2q94t.cloudfront.net/products/men-s-long-sleeve-button-down-shirts/navy-blue/men-s-long-sleeve-button-down-shirts-navy-blue-6.webp,4,Men's Long-Sleeve Button-Down Shirt - view 4,,,,,,,,,,,,,,,,,,
,mens-long-sleeve-button-down-shirt,,,,,,,,,,,,,,,,,,,,,,,,,,,,,,,,,,,https://d3o8u8o2i2q94t.cloudfront.net/products/men-s-long-sleeve-button-down-shirts/navy-blue/men-s-long-sleeve-button-down-shirts-navy-blue-7.webp,5,Men's Long-Sleeve Button-Down Shirt - view 5,,,,,,,,,,,,,,,,,,
,mens-long-sleeve-button-down-shirt,,,,,,,,,,,,,,,,,,,,,,,,,,,,,,,,,,,https://d3o8u8o2i2q94t.cloudfront.net/products/men-s-long-sleeve-button-down-shirts/navy-blue/men-s-long-sleeve-button-down-shirts-navy-blue-1.webp,6,Men's Long-Sleeve Button-Down Shirt - view 6,,,,,,,,,,,,,,,,,,
,mens-long-sleeve-button-down-shirt,,,,,,,,,,,,,,,,,,,,,,,,,,,,,,,,,,,https://d3o8u8o2i2q94t.cloudfront.net/products/men-s-long-sleeve-button-down-shirts/navy-blue/men-s-long-sleeve-button-down-shirts-navy-blue-2.webp,7,Men's Long-Sleeve Button-Down Shirt - view 7,,,,,,,,,,,,,,,,,,
,mens-long-sleeve-button-down-shirt,,,,,,,,,,,,,,,,,,,,,,,,,,,,,,,,,,,https://d3o8u8o2i2q94t.cloudfront.net/products/men-s-long-sleeve-button-down-shirts/olive-green/men-s-long-sleeve-button-down-shirts-olive-green-1.webp,8,Men's Long-Sleeve Button-Down Shirt - view 8,,,,,,,,,,,,,,,,,,
,mens-long-sleeve-button-down-shirt,,,,,,,,,,,,,,,,,,,,,,,,,,,,,,,,,,,https://d3o8u8o2i2q94t.cloudfront.net/products/men-s-long-sleeve-button-down-shirts/olive-green/men-s-long-sleeve-button-down-shirts-olive-green-7.webp,9,Men's Long-Sleeve Button-Down Shirt - view 9,,,,,,,,,,,,,,,,,,
,mens-long-sleeve-button-down-shirt,,,,,,,,,,,,,,,,,,,,,,,,,,,,,,,,,,,https://d3o8u8o2i2q94t.cloudfront.net/products/men-s-long-sleeve-button-down-shirts/olive-green/men-s-long-sleeve-button-down-shirts-olive-green-5.webp,10,Men's Long-Sleeve Button-Down Shirt - view 10,,,,,,,,,,,,,,,,,,
,mens-long-sleeve-button-down-shirt,,,,,,,,,,,,,,,,,,,,,,,,,,,,,,,,,,,https://d3o8u8o2i2q94t.cloudfront.net/products/men-s-long-sleeve-button-down-shirts/olive-green/men-s-long-sleeve-button-down-shirts-olive-green-4.webp,11,Men's Long-Sleeve Button-Down Shirt - view 11,,,,,,,,,,,,,,,,,,
,mens-long-sleeve-button-down-shirt,,,,,,,,,,,,,,,,,,,,,,,,,,,,,,,,,,,https://d3o8u8o2i2q94t.cloudfront.net/products/men-s-long-sleeve-button-down-shirts/olive-green/men-s-long-sleeve-button-down-shirts-olive-green-6.webp,12,Men's Long-Sleeve Button-Down Shirt - view 12,,,,,,,,,,,,,,,,,,
,mens-long-sleeve-button-down-shirt,,,,,,,,,,,,,,,,,,,,,,,,,,,,,,,,,,,https://d3o8u8o2i2q94t.cloudfront.net/products/men-s-long-sleeve-button-down-shirts/olive-green/men-s-long-sleeve-button-down-shirts-olive-green-2.webp,13,Men's Long-Sleeve Button-Down Shirt - view 13,,,,,,,,,,,,,,,,,,
,mens-long-sleeve-button-down-shirt,,,,,,,,,,,,,,,,,,,,,,,,,,,,,,,,,,,https://d3o8u8o2i2q94t.cloudfront.net/products/men-s-long-sleeve-button-down-shirts/olive-green/men-s-long-sleeve-button-down-shirts-olive-green-3.webp,14,Men's Long-Sleeve Button-Down Shirt - view 14,,,,,,,,,,,,,,,,,,
Relaxed sleeveless crewneck shirt,relaxed-sleeveless-crewneck-shirt,,Solomon & Sage,Apparel & Accessories > Clothing,Dresses,,FALSE,draft,as2,,Size,S,,Color,Blush,,,,,60.00,-1.00,,TRUE,,,,,,shopify,1,DENY,,g,TRUE,manual,,,,,FALSE,Relaxed sleeveless crewneck shirt | Solomon & Sage,,Blush,Apparel & Accessories > Clothing,,,,,,new,,,,,,
,relaxed-sleeveless-crewneck-shirt,,,,,,,,sdf,,,M,,,Blush,,,,,60.00,-1.00,,TRUE,,,,,,shopify,3,DENY,,g,TRUE,manual,,,,,FALSE,,,,,,,,,,,,,,,,
,relaxed-sleeveless-crewneck-shirt,,,,,,,,qwf,,,L,,,Blush,,,,,60.00,-1.00,,TRUE,,,,,,shopify,3,DENY,,g,TRUE,manual,,,,,FALSE,,,,,,,,,,,,,,,,
S & G Classic Crewneck Sweatshirt,s-and-g-classic-crewneck-sweatshirt,"Designed for everyday comfort, this classic crewneck sweatshirt is crafted from a soft cotton-elastane blend that offers gentle stretch and all-day ease. The relaxed pullover silhouette layers effortlessly under jackets or pairs solo with your favorite jeans, making it a versatile staple for casual rotations year-round.",Solomon & Sage,Apparel & Accessories > Clothing,Tops,,TRUE,active,SGCS-NB-XS,,Size,XS,,Color,Navy Blue,,,,,78.00,,,TRUE,,,,,,shopify,0,DENY,,g,TRUE,manual,https://d3o8u8o2i2q94t.cloudfront.net/products/1776587675711-s-g-classic-sweatshirts-navy-blue-3.webp,1,S & G Classic Crewneck Sweatshirt,https://d3o8u8o2i2q94t.cloudfront.net/products/1776587675711-s-g-classic-sweatshirts-navy-blue-3.webp,FALSE,S & G Classic Crewneck Sweatshirt | Solomon & Sage,"Designed for everyday comfort, this classic crewneck sweatshirt is crafted from a soft cotton-elastane blend that offers gentle stretch and all-day ease. The re",Navy Blue; White,Apparel & Accessories > Clothing,,,,,,new,,,,,,
,s-and-g-classic-crewneck-sweatshirt,,,,,,,,SGCS-WH-XS,,,XS,,,White,,,,,78.00,,,TRUE,,,,,,shopify,0,DENY,,g,TRUE,manual,,,,https://d3o8u8o2i2q94t.cloudfront.net/products/1776587727255-s-g-classic-sweatshirts-white-14.webp,FALSE,,,,,,,,,,,,,,,,
,s-and-g-classic-crewneck-sweatshirt,,,,,,,,SGCS-NAVY-S,810221392224,,S,,,Navy Blue,,,,,78.00,,,TRUE,,,,,,shopify,0,DENY,,g,TRUE,manual,,,,https://d3o8u8o2i2q94t.cloudfront.net/products/1776587675711-s-g-classic-sweatshirts-navy-blue-3.webp,FALSE,,,,,,,,,,,,,,,,
,s-and-g-classic-crewneck-sweatshirt,,,,,,,,SGCS-WHIT-S,810221392262,,S,,,White,,,,,78.00,,,TRUE,,,,,,shopify,0,DENY,,g,TRUE,manual,,,,https://d3o8u8o2i2q94t.cloudfront.net/products/1776587727255-s-g-classic-sweatshirts-white-14.webp,FALSE,,,,,,,,,,,,,,,,
,s-and-g-classic-crewneck-sweatshirt,,,,,,,,SGCS-NAVY-M,810221392231,,M,,,Navy Blue,,,,,78.00,,,TRUE,,,,,,shopify,0,DENY,,g,TRUE,manual,,,,https://d3o8u8o2i2q94t.cloudfront.net/products/1776587675711-s-g-classic-sweatshirts-navy-blue-3.webp,FALSE,,,,,,,,,,,,,,,,
,s-and-g-classic-crewneck-sweatshirt,,,,,,,,SGCS-WHIT-M,810221392279,,M,,,White,,,,,78.00,,,TRUE,,,,,,shopify,0,DENY,,g,TRUE,manual,,,,https://d3o8u8o2i2q94t.cloudfront.net/products/1776587727255-s-g-classic-sweatshirts-white-14.webp,FALSE,,,,,,,,,,,,,,,,
,s-and-g-classic-crewneck-sweatshirt,,,,,,,,SGCS-NAVY-L,810221392248,,L,,,Navy Blue,,,,,78.00,,,TRUE,,,,,,shopify,0,DENY,,g,TRUE,manual,,,,https://d3o8u8o2i2q94t.cloudfront.net/products/1776587675711-s-g-classic-sweatshirts-navy-blue-3.webp,FALSE,,,,,,,,,,,,,,,,
,s-and-g-classic-crewneck-sweatshirt,,,,,,,,SGCS-WHIT-L,810221392286,,L,,,White,,,,,78.00,,,TRUE,,,,,,shopify,0,DENY,,g,TRUE,manual,,,,https://d3o8u8o2i2q94t.cloudfront.net/products/1776587727255-s-g-classic-sweatshirts-white-14.webp,FALSE,,,,,,,,,,,,,,,,
,s-and-g-classic-crewneck-sweatshirt,,,,,,,,SGCS-NAVY-XL,810221392255,,XL,,,Navy Blue,,,,,78.00,,,TRUE,,,,,,shopify,0,DENY,,g,TRUE,manual,,,,https://d3o8u8o2i2q94t.cloudfront.net/products/1776587675711-s-g-classic-sweatshirts-navy-blue-3.webp,FALSE,,,,,,,,,,,,,,,,
,s-and-g-classic-crewneck-sweatshirt,,,,,,,,SGCS-WHIT-XL,810221392293,,XL,,,White,,,,,78.00,,,TRUE,,,,,,shopify,0,DENY,,g,TRUE,manual,,,,https://d3o8u8o2i2q94t.cloudfront.net/products/1776587727255-s-g-classic-sweatshirts-white-14.webp,FALSE,,,,,,,,,,,,,,,,
,s-and-g-classic-crewneck-sweatshirt,,,,,,,,SGCS-NB-XXL,,,XXL,,,Navy Blue,,,,,78.00,,,TRUE,,,,,,shopify,0,DENY,,g,TRUE,manual,,,,https://d3o8u8o2i2q94t.cloudfront.net/products/1776587675711-s-g-classic-sweatshirts-navy-blue-3.webp,FALSE,,,,,,,,,,,,,,,,
,s-and-g-classic-crewneck-sweatshirt,,,,,,,,SGCS-WH-XXL,,,XXL,,,White,,,,,78.00,,,TRUE,,,,,,shopify,0,DENY,,g,TRUE,manual,,,,https://d3o8u8o2i2q94t.cloudfront.net/products/1776587727255-s-g-classic-sweatshirts-white-14.webp,FALSE,,,,,,,,,,,,,,,,
,s-and-g-classic-crewneck-sweatshirt,,,,,,,,,,,,,,,,,,,,,,,,,,,,,,,,,,,https://d3o8u8o2i2q94t.cloudfront.net/products/1776587669836-s-g-classic-sweatshirts-navy-blue-1.webp,2,S & G Classic Crewneck Sweatshirt - view 2,,,,,,,,,,,,,,,,,,
,s-and-g-classic-crewneck-sweatshirt,,,,,,,,,,,,,,,,,,,,,,,,,,,,,,,,,,,https://d3o8u8o2i2q94t.cloudfront.net/products/1776587673602-s-g-classic-sweatshirts-navy-blue-2.webp,3,S & G Classic Crewneck Sweatshirt - view 3,,,,,,,,,,,,,,,,,,
,s-and-g-classic-crewneck-sweatshirt,,,,,,,,,,,,,,,,,,,,,,,,,,,,,,,,,,,https://d3o8u8o2i2q94t.cloudfront.net/products/1776587677907-s-g-classic-sweatshirts-navy-blue-4.webp,4,S & G Classic Crewneck Sweatshirt - view 4,,,,,,,,,,,,,,,,,,
,s-and-g-classic-crewneck-sweatshirt,,,,,,,,,,,,,,,,,,,,,,,,,,,,,,,,,,,https://d3o8u8o2i2q94t.cloudfront.net/products/1776587727255-s-g-classic-sweatshirts-white-14.webp,5,S & G Classic Crewneck Sweatshirt - view 5,,,,,,,,,,,,,,,,,,
,s-and-g-classic-crewneck-sweatshirt,,,,,,,,,,,,,,,,,,,,,,,,,,,,,,,,,,,https://d3o8u8o2i2q94t.cloudfront.net/products/1776587713041-s-g-classic-sweatshirts-white-3.webp,6,S & G Classic Crewneck Sweatshirt - view 6,,,,,,,,,,,,,,,,,,
,s-and-g-classic-crewneck-sweatshirt,,,,,,,,,,,,,,,,,,,,,,,,,,,,,,,,,,,https://d3o8u8o2i2q94t.cloudfront.net/products/1776587718865-s-g-classic-sweatshirts-white-8.webp,7,S & G Classic Crewneck Sweatshirt - view 7,,,,,,,,,,,,,,,,,,
,s-and-g-classic-crewneck-sweatshirt,,,,,,,,,,,,,,,,,,,,,,,,,,,,,,,,,,,https://d3o8u8o2i2q94t.cloudfront.net/products/1776587720203-s-g-classic-sweatshirts-white-9.webp,8,S & G Classic Crewneck Sweatshirt - view 8,,,,,,,,,,,,,,,,,,
,s-and-g-classic-crewneck-sweatshirt,,,,,,,,,,,,,,,,,,,,,,,,,,,,,,,,,,,https://d3o8u8o2i2q94t.cloudfront.net/products/1776587716066-s-g-classic-sweatshirts-white-5.webp,9,S & G Classic Crewneck Sweatshirt - view 9,,,,,,,,,,,,,,,,,,
,s-and-g-classic-crewneck-sweatshirt,,,,,,,,,,,,,,,,,,,,,,,,,,,,,,,,,,,https://d3o8u8o2i2q94t.cloudfront.net/products/1776587717623-s-g-classic-sweatshirts-white-7.webp,10,S & G Classic Crewneck Sweatshirt - view 10,,,,,,,,,,,,,,,,,,
,s-and-g-classic-crewneck-sweatshirt,,,,,,,,,,,,,,,,,,,,,,,,,,,,,,,,,,,https://d3o8u8o2i2q94t.cloudfront.net/products/1776587721736-s-g-classic-sweatshirts-white-10.webp,11,S & G Classic Crewneck Sweatshirt - view 11,,,,,,,,,,,,,,,,,,
,s-and-g-classic-crewneck-sweatshirt,,,,,,,,,,,,,,,,,,,,,,,,,,,,,,,,,,,https://d3o8u8o2i2q94t.cloudfront.net/products/1776587723432-s-g-classic-sweatshirts-white-12.webp,12,S & G Classic Crewneck Sweatshirt - view 12,,,,,,,,,,,,,,,,,,
,s-and-g-classic-crewneck-sweatshirt,,,,,,,,,,,,,,,,,,,,,,,,,,,,,,,,,,,https://d3o8u8o2i2q94t.cloudfront.net/products/1776587725147-s-g-classic-sweatshirts-white-13.webp,13,S & G Classic Crewneck Sweatshirt - view 13,,,,,,,,,,,,,,,,,,
,s-and-g-classic-crewneck-sweatshirt,,,,,,,,,,,,,,,,,,,,,,,,,,,,,,,,,,,https://d3o8u8o2i2q94t.cloudfront.net/products/1776587735780-s-g-classic-sweatshirts-white-16.webp,14,S & G Classic Crewneck Sweatshirt - view 14,,,,,,,,,,,,,,,,,,
Test product,test-product,Test product,Solomon & Sage,Apparel & Accessories > Clothing,Dresses,,TRUE,active,LK,,Size,S,,Color,Onyx,,,,,0.80,,,TRUE,,,,,,shopify,1,DENY,,g,TRUE,manual,https://d3o8u8o2i2q94t.cloudfront.net/products/1782380586681-2o5a0124--1-.webp,1,Test product,https://d3o8u8o2i2q94t.cloudfront.net/products/1782380586681-2o5a0124--1-.webp,FALSE,Test product | Solomon & Sage,Test product,Onyx,Apparel & Accessories > Clothing,,,,,,new,,,,,,
,test-product,,,,,,,,LK2,,,M,,,Onyx,,,,,0.80,,,TRUE,,,,,,shopify,0,DENY,,g,TRUE,manual,,,,https://d3o8u8o2i2q94t.cloudfront.net/products/1782380586681-2o5a0124--1-.webp,FALSE,,,,,,,,,,,,,,,,
Vintage S&G Classic Work Crochet Bag,vintage-sandg-classic-work-crochet-bag,"the perfect work-to-weekend bag. This lightweight, hand-crocheted tote is crafted and lined with materials and fitted with a trio of pockets. Ideal for Casual Fridays and any adventures that follow",Solomon & Sage,Apparel & Accessories > Clothing,Accessories,,TRUE,active,CRO-WHMU-01-copy,,Size,One Size,,Color,White/Multi,,,,,85.00,,,TRUE,,,,,,shopify,0,DENY,,g,TRUE,manual,https://d3o8u8o2i2q94t.cloudfront.net/products/1776636642605-3.webp,1,Vintage S&G Classic Work Crochet Bag,https://d3o8u8o2i2q94t.cloudfront.net/products/1776636642605-3.webp,FALSE,Vintage S&G Classic Work Crochet Bag | Solomon & Sage,"the perfect work-to-weekend bag. This lightweight, hand-crocheted tote is crafted and lined with materials and fitted with a trio of pockets. Ideal for Casual F",White/Multi,Apparel & Accessories > Clothing,,,,,,new,,,,,,
,vintage-sandg-classic-work-crochet-bag,,,,,,,,,,,,,,,,,,,,,,,,,,,,,,,,,,,https://d3o8u8o2i2q94t.cloudfront.net/products/1776636631264-1.webp,2,Vintage S&G Classic Work Crochet Bag - view 2,,,,,,,,,,,,,,,,,,
,vintage-sandg-classic-work-crochet-bag,,,,,,,,,,,,,,,,,,,,,,,,,,,,,,,,,,,https://d3o8u8o2i2q94t.cloudfront.net/products/1776636638667-render--4-.webp,3,Vintage S&G Classic Work Crochet Bag - view 3,,,,,,,,,,,,,,,,,,
,vintage-sandg-classic-work-crochet-bag,,,,,,,,,,,,,,,,,,,,,,,,,,,,,,,,,,,https://d3o8u8o2i2q94t.cloudfront.net/products/1776636639385-2.webp,4,Vintage S&G Classic Work Crochet Bag - view 4,,,,,,,,,,,,,,,,,,
,vintage-sandg-classic-work-crochet-bag,,,,,,,,,,,,,,,,,,,,,,,,,,,,,,,,,,,https://d3o8u8o2i2q94t.cloudfront.net/products/1776636641774-render--2-.webp,5,Vintage S&G Classic Work Crochet Bag - view 5,,,,,,,,,,,,,,,,,,
,vintage-sandg-classic-work-crochet-bag,,,,,,,,,,,,,,,,,,,,,,,,,,,,,,,,,,,https://d3o8u8o2i2q94t.cloudfront.net/products/1776636644194-4.webp,6,Vintage S&G Classic Work Crochet Bag - view 6,,,,,,,,,,,,,,,,,,
,vintage-sandg-classic-work-crochet-bag,,,,,,,,,,,,,,,,,,,,,,,,,,,,,,,,,,,https://d3o8u8o2i2q94t.cloudfront.net/products/1776636645770-5.webp,7,Vintage S&G Classic Work Crochet Bag - view 7,,,,,,,,,,,,,,,,,,
,vintage-sandg-classic-work-crochet-bag,,,,,,,,,,,,,,,,,,,,,,,,,,,,,,,,,,,https://d3o8u8o2i2q94t.cloudfront.net/products/1776636647126-6.webp,8,Vintage S&G Classic Work Crochet Bag - view 8,,,,,,,,,,,,,,,,,,
,vintage-sandg-classic-work-crochet-bag,,,,,,,,,,,,,,,,,,,,,,,,,,,,,,,,,,,https://d3o8u8o2i2q94t.cloudfront.net/products/1776636648555-7.webp,9,Vintage S&G Classic Work Crochet Bag - view 9,,,,,,,,,,,,,,,,,,
,vintage-sandg-classic-work-crochet-bag,,,,,,,,,,,,,,,,,,,,,,,,,,,,,,,,,,,https://d3o8u8o2i2q94t.cloudfront.net/products/1776636650899-8.webp,10,Vintage S&G Classic Work Crochet Bag - view 10,,,,,,,,,,,,,,,,,,
,vintage-sandg-classic-work-crochet-bag,,,,,,,,,,,,,,,,,,,,,,,,,,,,,,,,,,,https://d3o8u8o2i2q94t.cloudfront.net/products/1776636652453-9.webp,11,Vintage S&G Classic Work Crochet Bag - view 11,,,,,,,,,,,,,,,,,,
Women's Button Down Satin Silk Shirt,womens-button-down-satin-silk-shirt,"Effortlessly elevated, this luxurious satin shirt brings a soft, lustrous finish to your everyday rotation. Cut from smooth 100% silk that drapes beautifully against the body, the easy silhouette transitions seamlessly from office to evening. Pair with tailored trousers for a polished workday look, or knot at the waist over denim for relaxed weekend ease.",Solomon & Sage,Apparel & Accessories > Clothing,Tops,,TRUE,active,SAT-BP-XS,,Size,XS,,Color,Baby Pink,,,,,62.00,,,TRUE,,,,,,shopify,0,DENY,,g,TRUE,manual,https://d3o8u8o2i2q94t.cloudfront.net/products/1776587443821-satin-shirt-baby-pink-13.webp,1,Women's Button Down Satin Silk Shirt,https://d3o8u8o2i2q94t.cloudfront.net/products/1776587443821-satin-shirt-baby-pink-13.webp,FALSE,Women's Button Down Satin Silk Shirt | Solomon & Sage,"Effortlessly elevated, this luxurious satin shirt brings a soft, lustrous finish to your everyday rotation. Cut from smooth 100% silk that drapes beautifully ag",Baby Pink; Black; Green,Apparel & Accessories > Clothing,,,,,,new,,,,,,
,womens-button-down-satin-silk-shirt,,,,,,,,SAT-BK-XS,,,XS,,,Black,,,,,62.00,,,TRUE,,,,,,shopify,0,DENY,,g,TRUE,manual,,,,https://d3o8u8o2i2q94t.cloudfront.net/products/1776587535140-satin-shirt-black-13.webp,FALSE,,,,,,,,,,,,,,,,
,womens-button-down-satin-silk-shirt,,,,,,,,SAT-GR-XS,,,XS,,,Green,,,,,62.00,,,TRUE,,,,,,shopify,0,DENY,,g,TRUE,manual,,,,https://d3o8u8o2i2q94t.cloudfront.net/products/1776587581573-satin-shirt-green-1.webp,FALSE,,,,,,,,,,,,,,,,
,womens-button-down-satin-silk-shirt,,,,,,,,SS-BABY-S,810221391012,,S,,,Baby Pink,,,,,62.00,,,TRUE,,,,,,shopify,0,DENY,,g,TRUE,manual,,,,https://d3o8u8o2i2q94t.cloudfront.net/products/1776587443821-satin-shirt-baby-pink-13.webp,FALSE,,,,,,,,,,,,,,,,
,womens-button-down-satin-silk-shirt,,,,,,,,SS-BLAC-S,810221391111,,S,,,Black,,,,,62.00,,,TRUE,,,,,,shopify,0,DENY,,g,TRUE,manual,,,,https://d3o8u8o2i2q94t.cloudfront.net/products/1776587535140-satin-shirt-black-13.webp,FALSE,,,,,,,,,,,,,,,,
,womens-button-down-satin-silk-shirt,,,,,,,,SS-GREE-S,810221391067,,S,,,Green,,,,,62.00,,,TRUE,,,,,,shopify,0,DENY,,g,TRUE,manual,,,,https://d3o8u8o2i2q94t.cloudfront.net/products/1776587581573-satin-shirt-green-1.webp,FALSE,,,,,,,,,,,,,,,,
,womens-button-down-satin-silk-shirt,,,,,,,,SS-BABY-M,810221391029,,M,,,Baby Pink,,,,,62.00,,,TRUE,,,,,,shopify,0,DENY,,g,TRUE,manual,,,,https://d3o8u8o2i2q94t.cloudfront.net/products/1776587443821-satin-shirt-baby-pink-13.webp,FALSE,,,,,,,,,,,,,,,,
,womens-button-down-satin-silk-shirt,,,,,,,,SS-BLAC-M,810221391128,,M,,,Black,,,,,62.00,,,TRUE,,,,,,shopify,0,DENY,,g,TRUE,manual,,,,https://d3o8u8o2i2q94t.cloudfront.net/products/1776587535140-satin-shirt-black-13.webp,FALSE,,,,,,,,,,,,,,,,
,womens-button-down-satin-silk-shirt,,,,,,,,SS-GREE-M,810221391074,,M,,,Green,,,,,62.00,,,TRUE,,,,,,shopify,0,DENY,,g,TRUE,manual,,,,https://d3o8u8o2i2q94t.cloudfront.net/products/1776587581573-satin-shirt-green-1.webp,FALSE,,,,,,,,,,,,,,,,
,womens-button-down-satin-silk-shirt,,,,,,,,SS-BABY-L,810221391036,,L,,,Baby Pink,,,,,62.00,,,TRUE,,,,,,shopify,0,DENY,,g,TRUE,manual,,,,https://d3o8u8o2i2q94t.cloudfront.net/products/1776587443821-satin-shirt-baby-pink-13.webp,FALSE,,,,,,,,,,,,,,,,
,womens-button-down-satin-silk-shirt,,,,,,,,SS-BLAC-L,810221391135,,L,,,Black,,,,,62.00,,,TRUE,,,,,,shopify,0,DENY,,g,TRUE,manual,,,,https://d3o8u8o2i2q94t.cloudfront.net/products/1776587535140-satin-shirt-black-13.webp,FALSE,,,,,,,,,,,,,,,,
,womens-button-down-satin-silk-shirt,,,,,,,,SS-GREE-L,810221391081,,L,,,Green,,,,,62.00,,,TRUE,,,,,,shopify,0,DENY,,g,TRUE,manual,,,,https://d3o8u8o2i2q94t.cloudfront.net/products/1776587581573-satin-shirt-green-1.webp,FALSE,,,,,,,,,,,,,,,,
,womens-button-down-satin-silk-shirt,,,,,,,,SS-BABY-XL,810221391043,,XL,,,Baby Pink,,,,,62.00,,,TRUE,,,,,,shopify,0,DENY,,g,TRUE,manual,,,,https://d3o8u8o2i2q94t.cloudfront.net/products/1776587443821-satin-shirt-baby-pink-13.webp,FALSE,,,,,,,,,,,,,,,,
,womens-button-down-satin-silk-shirt,,,,,,,,SS-BLAC-XL,810221391142,,XL,,,Black,,,,,62.00,,,TRUE,,,,,,shopify,0,DENY,,g,TRUE,manual,,,,https://d3o8u8o2i2q94t.cloudfront.net/products/1776587535140-satin-shirt-black-13.webp,FALSE,,,,,,,,,,,,,,,,
,womens-button-down-satin-silk-shirt,,,,,,,,SS-GREE-XL,810221391098,,XL,,,Green,,,,,62.00,,,TRUE,,,,,,shopify,0,DENY,,g,TRUE,manual,,,,https://d3o8u8o2i2q94t.cloudfront.net/products/1776587581573-satin-shirt-green-1.webp,FALSE,,,,,,,,,,,,,,,,
,womens-button-down-satin-silk-shirt,,,,,,,,,,,,,,,,,,,,,,,,,,,,,,,,,,,https://d3o8u8o2i2q94t.cloudfront.net/products/1776587454926-satin-shirt-baby-pink-31.webp,2,Women's Button Down Satin Silk Shirt - view 2,,,,,,,,,,,,,,,,,,
,womens-button-down-satin-silk-shirt,,,,,,,,,,,,,,,,,,,,,,,,,,,,,,,,,,,https://d3o8u8o2i2q94t.cloudfront.net/products/1776587434320-satin-shirt-baby-pink-4.webp,3,Women's Button Down Satin Silk Shirt - view 3,,,,,,,,,,,,,,,,,,
,womens-button-down-satin-silk-shirt,,,,,,,,,,,,,,,,,,,,,,,,,,,,,,,,,,,https://d3o8u8o2i2q94t.cloudfront.net/products/1776587449240-satin-shirt-baby-pink-18.webp,4,Women's Button Down Satin Silk Shirt - view 4,,,,,,,,,,,,,,,,,,
,womens-button-down-satin-silk-shirt,,,,,,,,,,,,,,,,,,,,,,,,,,,,,,,,,,,https://d3o8u8o2i2q94t.cloudfront.net/products/1776587440238-satin-shirt-baby-pink-11.webp,5,Women's Button Down Satin Silk Shirt - view 5,,,,,,,,,,,,,,,,,,
,womens-button-down-satin-silk-shirt,,,,,,,,,,,,,,,,,,,,,,,,,,,,,,,,,,,https://d3o8u8o2i2q94t.cloudfront.net/products/1776587442128-satin-shirt-baby-pink-12.webp,6,Women's Button Down Satin Silk Shirt - view 6,,,,,,,,,,,,,,,,,,
,womens-button-down-satin-silk-shirt,,,,,,,,,,,,,,,,,,,,,,,,,,,,,,,,,,,https://d3o8u8o2i2q94t.cloudfront.net/products/1776587446357-satin-shirt-baby-pink-16.webp,7,Women's Button Down Satin Silk Shirt - view 7,,,,,,,,,,,,,,,,,,
,womens-button-down-satin-silk-shirt,,,,,,,,,,,,,,,,,,,,,,,,,,,,,,,,,,,https://d3o8u8o2i2q94t.cloudfront.net/products/1776587450563-satin-shirt-baby-pink-19.webp,8,Women's Button Down Satin Silk Shirt - view 8,,,,,,,,,,,,,,,,,,
,womens-button-down-satin-silk-shirt,,,,,,,,,,,,,,,,,,,,,,,,,,,,,,,,,,,https://d3o8u8o2i2q94t.cloudfront.net/products/1776587535140-satin-shirt-black-13.webp,9,Women's Button Down Satin Silk Shirt - view 9,,,,,,,,,,,,,,,,,,
,womens-button-down-satin-silk-shirt,,,,,,,,,,,,,,,,,,,,,,,,,,,,,,,,,,,https://d3o8u8o2i2q94t.cloudfront.net/products/1776587523834-satin-shirt-black-5.webp,10,Women's Button Down Satin Silk Shirt - view 10,,,,,,,,,,,,,,,,,,
,womens-button-down-satin-silk-shirt,,,,,,,,,,,,,,,,,,,,,,,,,,,,,,,,,,,https://d3o8u8o2i2q94t.cloudfront.net/products/1776587515597-satin-shirt-black-1.webp,11,Women's Button Down Satin Silk Shirt - view 11,,,,,,,,,,,,,,,,,,
,womens-button-down-satin-silk-shirt,,,,,,,,,,,,,,,,,,,,,,,,,,,,,,,,,,,https://d3o8u8o2i2q94t.cloudfront.net/products/1776587532811-satin-shirt-black-10.webp,12,Women's Button Down Satin Silk Shirt - view 12,,,,,,,,,,,,,,,,,,
,womens-button-down-satin-silk-shirt,,,,,,,,,,,,,,,,,,,,,,,,,,,,,,,,,,,https://d3o8u8o2i2q94t.cloudfront.net/products/1776587521657-satin-shirt-black-3.webp,13,Women's Button Down Satin Silk Shirt - view 13,,,,,,,,,,,,,,,,,,
,womens-button-down-satin-silk-shirt,,,,,,,,,,,,,,,,,,,,,,,,,,,,,,,,,,,https://d3o8u8o2i2q94t.cloudfront.net/products/1776587526500-satin-shirt-black-7.webp,14,Women's Button Down Satin Silk Shirt - view 14,,,,,,,,,,,,,,,,,,
,womens-button-down-satin-silk-shirt,,,,,,,,,,,,,,,,,,,,,,,,,,,,,,,,,,,https://d3o8u8o2i2q94t.cloudfront.net/products/1776587529327-satin-shirt-black-8.webp,15,Women's Button Down Satin Silk Shirt - view 15,,,,,,,,,,,,,,,,,,
,womens-button-down-satin-silk-shirt,,,,,,,,,,,,,,,,,,,,,,,,,,,,,,,,,,,https://d3o8u8o2i2q94t.cloudfront.net/products/1776587602641-satin-shirt-black-14.webp,16,Women's Button Down Satin Silk Shirt - view 16,,,,,,,,,,,,,,,,,,
,womens-button-down-satin-silk-shirt,,,,,,,,,,,,,,,,,,,,,,,,,,,,,,,,,,,https://d3o8u8o2i2q94t.cloudfront.net/products/1776587581573-satin-shirt-green-1.webp,17,Women's Button Down Satin Silk Shirt - view 17,,,,,,,,,,,,,,,,,,
,womens-button-down-satin-silk-shirt,,,,,,,,,,,,,,,,,,,,,,,,,,,,,,,,,,,https://d3o8u8o2i2q94t.cloudfront.net/products/1776587592547-satin-shirt-green-3.webp,18,Women's Button Down Satin Silk Shirt - view 18,,,,,,,,,,,,,,,,,,
,womens-button-down-satin-silk-shirt,,,,,,,,,,,,,,,,,,,,,,,,,,,,,,,,,,,https://d3o8u8o2i2q94t.cloudfront.net/products/1776587590100-satin-shirt-green-2.webp,19,Women's Button Down Satin Silk Shirt - view 19,,,,,,,,,,,,,,,,,,
,womens-button-down-satin-silk-shirt,,,,,,,,,,,,,,,,,,,,,,,,,,,,,,,,,,,https://d3o8u8o2i2q94t.cloudfront.net/products/1776587599433-satin-shirt-green-5.webp,20,Women's Button Down Satin Silk Shirt - view 20,,,,,,,,,,,,,,,,,,
,womens-button-down-satin-silk-shirt,,,,,,,,,,,,,,,,,,,,,,,,,,,,,,,,,,,https://d3o8u8o2i2q94t.cloudfront.net/products/1776587595819-satin-shirt-green-4.webp,21,Women's Button Down Satin Silk Shirt - view 21,,,,,,,,,,,,,,,,,,
Women's Button-Down Oxford Shirt,womens-button-down-oxford-shirt,"A wardrobe essential reimagined with effortless style, this relaxed oxford shirt delivers timeless appeal in premium 100% cotton. The easy silhouette transitions seamlessly from casual weekends to polished workwear, pairing as easily with denim as it does tucked into tailored trousers. Versatile, refined, and built for everyday wear.",Solomon & Sage,Apparel & Accessories > Clothing,Tops,,TRUE,active,WRBOS-BUTT-S,810221391258,Size,S,,Color,Butter yellow,,,,,51.00,,,TRUE,,,,,,shopify,2,DENY,,g,TRUE,manual,https://d3o8u8o2i2q94t.cloudfront.net/products/1776583879130-women-s-relaxed-button-down-oxford-shirt-butter-yellow-1.webp,1,Women's Button-Down Oxford Shirt,https://d3o8u8o2i2q94t.cloudfront.net/products/1776583879130-women-s-relaxed-button-down-oxford-shirt-butter-yellow-1.webp,FALSE,Women's Button-Down Oxford Shirt | Solomon & Sage,"A wardrobe essential reimagined with effortless style, this relaxed oxford shirt delivers timeless appeal in premium 100% cotton. The easy silhouette transition",Butter yellow; Sky Blue,Apparel & Accessories > Clothing,,,,,,new,,,,,,
,womens-button-down-oxford-shirt,,,,,,,,WRBOS-SKYB-S,810221391166,,S,,,Sky Blue,,,,,51.00,,,TRUE,,,,,,shopify,2,DENY,,g,TRUE,manual,,,,https://d3o8u8o2i2q94t.cloudfront.net/products/1776584276358-women-s-relaxed-button-down-oxford-shirt-sky-blue-13.webp,FALSE,,,,,,,,,,,,,,,,
,womens-button-down-oxford-shirt,,,,,,,,WRBOS-BUTT-M,810221391265,,M,,,Butter yellow,,,,,51.00,,,TRUE,,,,,,shopify,3,DENY,,g,TRUE,manual,,,,https://d3o8u8o2i2q94t.cloudfront.net/products/1776583879130-women-s-relaxed-button-down-oxford-shirt-butter-yellow-1.webp,FALSE,,,,,,,,,,,,,,,,
,womens-button-down-oxford-shirt,,,,,,,,WRBOS-SKYB-M,810221391173,,M,,,Sky Blue,,,,,51.00,,,TRUE,,,,,,shopify,2,DENY,,g,TRUE,manual,,,,https://d3o8u8o2i2q94t.cloudfront.net/products/1776584276358-women-s-relaxed-button-down-oxford-shirt-sky-blue-13.webp,FALSE,,,,,,,,,,,,,,,,
,womens-button-down-oxford-shirt,,,,,,,,WRBOS-BUTT-L,810221391272,,L,,,Butter yellow,,,,,51.00,,,TRUE,,,,,,shopify,4,DENY,,g,TRUE,manual,,,,https://d3o8u8o2i2q94t.cloudfront.net/products/1776583879130-women-s-relaxed-button-down-oxford-shirt-butter-yellow-1.webp,FALSE,,,,,,,,,,,,,,,,
,womens-button-down-oxford-shirt,,,,,,,,WRBOS-SKYB-L,810221391180,,L,,,Sky Blue,,,,,51.00,,,TRUE,,,,,,shopify,5,DENY,,g,TRUE,manual,,,,https://d3o8u8o2i2q94t.cloudfront.net/products/1776584276358-women-s-relaxed-button-down-oxford-shirt-sky-blue-13.webp,FALSE,,,,,,,,,,,,,,,,
,womens-button-down-oxford-shirt,,,,,,,,WRBOS-BUTT-XL,810221391289,,XL,,,Butter yellow,,,,,51.00,,,TRUE,,,,,,shopify,0,DENY,,g,TRUE,manual,,,,https://d3o8u8o2i2q94t.cloudfront.net/products/1776583879130-women-s-relaxed-button-down-oxford-shirt-butter-yellow-1.webp,FALSE,,,,,,,,,,,,,,,,
,womens-button-down-oxford-shirt,,,,,,,,WRBOS-SKYB-XL,810221391197,,XL,,,Sky Blue,,,,,51.00,,,TRUE,,,,,,shopify,0,DENY,,g,TRUE,manual,,,,https://d3o8u8o2i2q94t.cloudfront.net/products/1776584276358-women-s-relaxed-button-down-oxford-shirt-sky-blue-13.webp,FALSE,,,,,,,,,,,,,,,,
,womens-button-down-oxford-shirt,,,,,,,,,,,,,,,,,,,,,,,,,,,,,,,,,,,https://d3o8u8o2i2q94t.cloudfront.net/products/1776583887464-women-s-relaxed-button-down-oxford-shirt-butter-yellow-12.webp,2,Women's Button-Down Oxford Shirt - view 2,,,,,,,,,,,,,,,,,,
,womens-button-down-oxford-shirt,,,,,,,,,,,,,,,,,,,,,,,,,,,,,,,,,,,https://d3o8u8o2i2q94t.cloudfront.net/products/1776583894308-women-s-relaxed-button-down-oxford-shirt-butter-yellow-22.webp,3,Women's Button-Down Oxford Shirt - view 3,,,,,,,,,,,,,,,,,,
,womens-button-down-oxford-shirt,,,,,,,,,,,,,,,,,,,,,,,,,,,,,,,,,,,https://d3o8u8o2i2q94t.cloudfront.net/products/1776583884221-women-s-relaxed-button-down-oxford-shirt-butter-yellow-9.webp,4,Women's Button-Down Oxford Shirt - view 4,,,,,,,,,,,,,,,,,,
,womens-button-down-oxford-shirt,,,,,,,,,,,,,,,,,,,,,,,,,,,,,,,,,,,https://d3o8u8o2i2q94t.cloudfront.net/products/1776583885906-women-s-relaxed-button-down-oxford-shirt-butter-yellow-10.webp,5,Women's Button-Down Oxford Shirt - view 5,,,,,,,,,,,,,,,,,,
,womens-button-down-oxford-shirt,,,,,,,,,,,,,,,,,,,,,,,,,,,,,,,,,,,https://d3o8u8o2i2q94t.cloudfront.net/products/1776583888741-women-s-relaxed-button-down-oxford-shirt-butter-yellow-13.webp,6,Women's Button-Down Oxford Shirt - view 6,,,,,,,,,,,,,,,,,,
,womens-button-down-oxford-shirt,,,,,,,,,,,,,,,,,,,,,,,,,,,,,,,,,,,https://d3o8u8o2i2q94t.cloudfront.net/products/1776583890103-women-s-relaxed-button-down-oxford-shirt-butter-yellow-15.webp,7,Women's Button-Down Oxford Shirt - view 7,,,,,,,,,,,,,,,,,,
,womens-button-down-oxford-shirt,,,,,,,,,,,,,,,,,,,,,,,,,,,,,,,,,,,https://d3o8u8o2i2q94t.cloudfront.net/products/1776583891512-women-s-relaxed-button-down-oxford-shirt-butter-yellow-17.webp,8,Women's Button-Down Oxford Shirt - view 8,,,,,,,,,,,,,,,,,,
,womens-button-down-oxford-shirt,,,,,,,,,,,,,,,,,,,,,,,,,,,,,,,,,,,https://d3o8u8o2i2q94t.cloudfront.net/products/1776584194328-women-s-relaxed-button-down-oxford-shirt-butter-yellow-3.webp,9,Women's Button-Down Oxford Shirt - view 9,,,,,,,,,,,,,,,,,,
,womens-button-down-oxford-shirt,,,,,,,,,,,,,,,,,,,,,,,,,,,,,,,,,,,https://d3o8u8o2i2q94t.cloudfront.net/products/1776584276358-women-s-relaxed-button-down-oxford-shirt-sky-blue-13.webp,10,Women's Button-Down Oxford Shirt - view 10,,,,,,,,,,,,,,,,,,
,womens-button-down-oxford-shirt,,,,,,,,,,,,,,,,,,,,,,,,,,,,,,,,,,,https://d3o8u8o2i2q94t.cloudfront.net/products/1776584264120-women-s-relaxed-button-down-oxford-shirt-sky-blue-2.webp,11,Women's Button-Down Oxford Shirt - view 11,,,,,,,,,,,,,,,,,,
,womens-button-down-oxford-shirt,,,,,,,,,,,,,,,,,,,,,,,,,,,,,,,,,,,https://d3o8u8o2i2q94t.cloudfront.net/products/1776584260978-women-s-relaxed-button-down-oxford-shirt-sky-blue-1.webp,12,Women's Button-Down Oxford Shirt - view 12,,,,,,,,,,,,,,,,,,
,womens-button-down-oxford-shirt,,,,,,,,,,,,,,,,,,,,,,,,,,,,,,,,,,,https://d3o8u8o2i2q94t.cloudfront.net/products/1776584280415-women-s-relaxed-button-down-oxford-shirt-sky-blue-17.webp,13,Women's Button-Down Oxford Shirt - view 13,,,,,,,,,,,,,,,,,,
,womens-button-down-oxford-shirt,,,,,,,,,,,,,,,,,,,,,,,,,,,,,,,,,,,https://d3o8u8o2i2q94t.cloudfront.net/products/1776584269465-women-s-relaxed-button-down-oxford-shirt-sky-blue-6.webp,14,Women's Button-Down Oxford Shirt - view 14,,,,,,,,,,,,,,,,,,
,womens-button-down-oxford-shirt,,,,,,,,,,,,,,,,,,,,,,,,,,,,,,,,,,,https://d3o8u8o2i2q94t.cloudfront.net/products/1776584266315-women-s-relaxed-button-down-oxford-shirt-sky-blue-3.webp,15,Women's Button-Down Oxford Shirt - view 15,,,,,,,,,,,,,,,,,,
,womens-button-down-oxford-shirt,,,,,,,,,,,,,,,,,,,,,,,,,,,,,,,,,,,https://d3o8u8o2i2q94t.cloudfront.net/products/1776584274978-women-s-relaxed-button-down-oxford-shirt-sky-blue-12.webp,16,Women's Button-Down Oxford Shirt - view 16,,,,,,,,,,,,,,,,,,
,womens-button-down-oxford-shirt,,,,,,,,,,,,,,,,,,,,,,,,,,,,,,,,,,,https://d3o8u8o2i2q94t.cloudfront.net/products/1776584267868-women-s-relaxed-button-down-oxford-shirt-sky-blue-4.webp,17,Women's Button-Down Oxford Shirt - view 17,,,,,,,,,,,,,,,,,,
,womens-button-down-oxford-shirt,,,,,,,,,,,,,,,,,,,,,,,,,,,,,,,,,,,https://d3o8u8o2i2q94t.cloudfront.net/products/1776584270791-women-s-relaxed-button-down-oxford-shirt-sky-blue-7.webp,18,Women's Button-Down Oxford Shirt - view 18,,,,,,,,,,,,,,,,,,
,womens-button-down-oxford-shirt,,,,,,,,,,,,,,,,,,,,,,,,,,,,,,,,,,,https://d3o8u8o2i2q94t.cloudfront.net/products/1776584273529-women-s-relaxed-button-down-oxford-shirt-sky-blue-10.webp,19,Women's Button-Down Oxford Shirt - view 19,,,,,,,,,,,,,,,,,,
Women's Classic High Waist Wide Leg Pants,womens-classic-high-waist-wide-leg-pants,"Polished and effortlessly versatile, these wide-leg pants take you from desk to dinner with ease. Designed with a flattering elevated rise and a clean, fluid leg that drapes beautifully, the tailored silhouette delivers a leg-lengthening line and a refined finish. A timeless wardrobe staple that pairs as easily with a tucked-in blouse as it does with a knit sweater.",Solomon & Sage,Apparel & Accessories > Clothing,Bottoms,"women, bottoms",TRUE,active,WCHWWL-BLAC-28,810221391425,Size,S,,Color,Black,,,,,60.00,,,TRUE,,,,,,shopify,1,DENY,,g,TRUE,manual,https://d3o8u8o2i2q94t.cloudfront.net/products/womens-classic-high-waist-wide-leg-pants/black/womens-classic-high-waist-wide-leg-pants-black-4.webp,1,Women's Classic High Waist Wide Leg Pants,https://d3o8u8o2i2q94t.cloudfront.net/products/womens-classic-high-waist-wide-leg-pants/black/womens-classic-high-waist-wide-leg-pants-black-4.webp,FALSE,Women's Classic High Waist Wide Leg Pants | Solomon & Sage,"Polished and effortlessly versatile, these wide-leg pants take you from desk to dinner with ease. Designed with a flattering elevated rise and a clean, fluid le",Black; Espresso/Dark Brown; Ivory; Taupe,Apparel & Accessories > Clothing,,,,,,new,,,,,,
,womens-classic-high-waist-wide-leg-pants,,,,,,,,WCHWWL-ESPR-28,810221391524,,S,,,Espresso/Dark Brown,,,,,60.00,,,TRUE,,,,,,shopify,2,DENY,,g,TRUE,manual,,,,https://d3o8u8o2i2q94t.cloudfront.net/products/womens-classic-high-waist-wide-leg-pants/espresso-dark-brown/womens-classic-high-waist-wide-leg-pants-espresso-dark-brown-1.webp,FALSE,,,,,,,,,,,,,,,,
,womens-classic-high-waist-wide-leg-pants,,,,,,,,WCHWWL-IVOR-28,810221391623,,S,,,Ivory,,,,,60.00,,,TRUE,,,,,,shopify,1,DENY,,g,TRUE,manual,,,,https://d3o8u8o2i2q94t.cloudfront.net/products/womens-classic-high-waist-wide-leg-pants/ivory/womens-classic-high-waist-wide-leg-pants-ivory-5.webp,FALSE,,,,,,,,,,,,,,,,
,womens-classic-high-waist-wide-leg-pants,,,,,,,,WCHWWL-TAUP-28,810221391579,,S,,,Taupe,,,,,60.00,,,TRUE,,,,,,shopify,0,DENY,,g,TRUE,manual,,,,https://d3o8u8o2i2q94t.cloudfront.net/products/womens-classic-high-waist-wide-leg-pants/taupe/womens-classic-high-waist-wide-leg-pants-taupe-7.webp,FALSE,,,,,,,,,,,,,,,,
,womens-classic-high-waist-wide-leg-pants,,,,,,,,WCHWWL-BLAC-30,810221391449,,M,,,Black,,,,,60.00,,,TRUE,,,,,,shopify,2,DENY,,g,TRUE,manual,,,,https://d3o8u8o2i2q94t.cloudfront.net/products/womens-classic-high-waist-wide-leg-pants/black/womens-classic-high-waist-wide-leg-pants-black-4.webp,FALSE,,,,,,,,,,,,,,,,
,womens-classic-high-waist-wide-leg-pants,,,,,,,,WCHWWL-ESPR-30,810221391548,,M,,,Espresso/Dark Brown,,,,,60.00,,,TRUE,,,,,,shopify,0,DENY,,g,TRUE,manual,,,,https://d3o8u8o2i2q94t.cloudfront.net/products/womens-classic-high-waist-wide-leg-pants/espresso-dark-brown/womens-classic-high-waist-wide-leg-pants-espresso-dark-brown-1.webp,FALSE,,,,,,,,,,,,,,,,
,womens-classic-high-waist-wide-leg-pants,,,,,,,,WCHWWL-IVOR-30,810221391647,,M,,,Ivory,,,,,60.00,,,TRUE,,,,,,shopify,0,DENY,,g,TRUE,manual,,,,https://d3o8u8o2i2q94t.cloudfront.net/products/womens-classic-high-waist-wide-leg-pants/ivory/womens-classic-high-waist-wide-leg-pants-ivory-5.webp,FALSE,,,,,,,,,,,,,,,,
,womens-classic-high-waist-wide-leg-pants,,,,,,,,WCHWWL-TAUP-30,810221391593,,M,,,Taupe,,,,,60.00,,,TRUE,,,,,,shopify,4,DENY,,g,TRUE,manual,,,,https://d3o8u8o2i2q94t.cloudfront.net/products/womens-classic-high-waist-wide-leg-pants/taupe/womens-classic-high-waist-wide-leg-pants-taupe-7.webp,FALSE,,,,,,,,,,,,,,,,
,womens-classic-high-waist-wide-leg-pants,,,,,,,,WCHWWL-BLAC-27,810221391418,,L,,,Black,,,,,60.00,,,TRUE,,,,,,shopify,3,DENY,,g,TRUE,manual,,,,https://d3o8u8o2i2q94t.cloudfront.net/products/womens-classic-high-waist-wide-leg-pants/black/womens-classic-high-waist-wide-leg-pants-black-4.webp,FALSE,,,,,,,,,,,,,,,,
,womens-classic-high-waist-wide-leg-pants,,,,,,,,WCHWWL-ESPR-27,810221391517,,L,,,Espresso/Dark Brown,,,,,60.00,,,TRUE,,,,,,shopify,1,DENY,,g,TRUE,manual,,,,https://d3o8u8o2i2q94t.cloudfront.net/products/womens-classic-high-waist-wide-leg-pants/espresso-dark-brown/womens-classic-high-waist-wide-leg-pants-espresso-dark-brown-1.webp,FALSE,,,,,,,,,,,,,,,,
,womens-classic-high-waist-wide-leg-pants,,,,,,,,WCHWWL-IVOR-27,810221391616,,L,,,Ivory,,,,,60.00,,,TRUE,,,,,,shopify,1,DENY,,g,TRUE,manual,,,,https://d3o8u8o2i2q94t.cloudfront.net/products/womens-classic-high-waist-wide-leg-pants/ivory/womens-classic-high-waist-wide-leg-pants-ivory-5.webp,FALSE,,,,,,,,,,,,,,,,
,womens-classic-high-waist-wide-leg-pants,,,,,,,,WCHWWL-TAUP-27,810221391562,,L,,,Taupe,,,,,60.00,,,TRUE,,,,,,shopify,0,DENY,,g,TRUE,manual,,,,https://d3o8u8o2i2q94t.cloudfront.net/products/womens-classic-high-waist-wide-leg-pants/taupe/womens-classic-high-waist-wide-leg-pants-taupe-7.webp,FALSE,,,,,,,,,,,,,,,,
,womens-classic-high-waist-wide-leg-pants,,,,,,,,WCHWWL-BLAC-29,810221391432,,XL,,,Black,,,,,60.00,,,TRUE,,,,,,shopify,1,DENY,,g,TRUE,manual,,,,https://d3o8u8o2i2q94t.cloudfront.net/products/womens-classic-high-waist-wide-leg-pants/black/womens-classic-high-waist-wide-leg-pants-black-4.webp,FALSE,,,,,,,,,,,,,,,,
,womens-classic-high-waist-wide-leg-pants,,,,,,,,WCHWWL-ESPR-29,810221391531,,XL,,,Espresso/Dark Brown,,,,,60.00,,,TRUE,,,,,,shopify,1,DENY,,g,TRUE,manual,,,,https://d3o8u8o2i2q94t.cloudfront.net/products/womens-classic-high-waist-wide-leg-pants/espresso-dark-brown/womens-classic-high-waist-wide-leg-pants-espresso-dark-brown-1.webp,FALSE,,,,,,,,,,,,,,,,
,womens-classic-high-waist-wide-leg-pants,,,,,,,,WCHWWL-IVOR-29,810221391630,,XL,,,Ivory,,,,,60.00,,,TRUE,,,,,,shopify,3,DENY,,g,TRUE,manual,,,,https://d3o8u8o2i2q94t.cloudfront.net/products/womens-classic-high-waist-wide-leg-pants/ivory/womens-classic-high-waist-wide-leg-pants-ivory-5.webp,FALSE,,,,,,,,,,,,,,,,
,womens-classic-high-waist-wide-leg-pants,,,,,,,,WCHWWL-TAUP-29,810221391586,,XL,,,Taupe,,,,,60.00,,,TRUE,,,,,,shopify,1,DENY,,g,TRUE,manual,,,,https://d3o8u8o2i2q94t.cloudfront.net/products/womens-classic-high-waist-wide-leg-pants/taupe/womens-classic-high-waist-wide-leg-pants-taupe-7.webp,FALSE,,,,,,,,,,,,,,,,
,womens-classic-high-waist-wide-leg-pants,,,,,,,,WCHWWL-BLAC-26,810221391401,,26,,,Black,,,,,60.00,,,TRUE,,,,,,shopify,0,DENY,,g,TRUE,manual,,,,https://d3o8u8o2i2q94t.cloudfront.net/products/womens-classic-high-waist-wide-leg-pants/black/womens-classic-high-waist-wide-leg-pants-black-4.webp,FALSE,,,,,,,,,,,,,,,,
,womens-classic-high-waist-wide-leg-pants,,,,,,,,WCHWWL-ESPR-26,810221391500,,26,,,Espresso/Dark Brown,,,,,60.00,,,TRUE,,,,,,shopify,0,DENY,,g,TRUE,manual,,,,https://d3o8u8o2i2q94t.cloudfront.net/products/womens-classic-high-waist-wide-leg-pants/espresso-dark-brown/womens-classic-high-waist-wide-leg-pants-espresso-dark-brown-1.webp,FALSE,,,,,,,,,,,,,,,,
,womens-classic-high-waist-wide-leg-pants,,,,,,,,WCHWWL-IVOR-26,810221391609,,26,,,Ivory,,,,,60.00,,,TRUE,,,,,,shopify,0,DENY,,g,TRUE,manual,,,,https://d3o8u8o2i2q94t.cloudfront.net/products/womens-classic-high-waist-wide-leg-pants/ivory/womens-classic-high-waist-wide-leg-pants-ivory-5.webp,FALSE,,,,,,,,,,,,,,,,
,womens-classic-high-waist-wide-leg-pants,,,,,,,,WCHWWL-TAUP-26,810221391555,,26,,,Taupe,,,,,60.00,,,TRUE,,,,,,shopify,0,DENY,,g,TRUE,manual,,,,https://d3o8u8o2i2q94t.cloudfront.net/products/womens-classic-high-waist-wide-leg-pants/taupe/womens-classic-high-waist-wide-leg-pants-taupe-7.webp,FALSE,,,,,,,,,,,,,,,,
,womens-classic-high-waist-wide-leg-pants,,,,,,,,,,,,,,,,,,,,,,,,,,,,,,,,,,,https://d3o8u8o2i2q94t.cloudfront.net/products/womens-classic-high-waist-wide-leg-pants/black/womens-classic-high-waist-wide-leg-pants-black-5.webp,2,Women's Classic High Waist Wide Leg Pants - view 2,,,,,,,,,,,,,,,,,,
,womens-classic-high-waist-wide-leg-pants,,,,,,,,,,,,,,,,,,,,,,,,,,,,,,,,,,,https://d3o8u8o2i2q94t.cloudfront.net/products/womens-classic-high-waist-wide-leg-pants/black/womens-classic-high-waist-wide-leg-pants-black-6.webp,3,Women's Classic High Waist Wide Leg Pants - view 3,,,,,,,,,,,,,,,,,,
,womens-classic-high-waist-wide-leg-pants,,,,,,,,,,,,,,,,,,,,,,,,,,,,,,,,,,,https://d3o8u8o2i2q94t.cloudfront.net/products/womens-classic-high-waist-wide-leg-pants/black/womens-classic-high-waist-wide-leg-pants-black-8.webp,4,Women's Classic High Waist Wide Leg Pants - view 4,,,,,,,,,,,,,,,,,,
,womens-classic-high-waist-wide-leg-pants,,,,,,,,,,,,,,,,,,,,,,,,,,,,,,,,,,,https://d3o8u8o2i2q94t.cloudfront.net/products/womens-classic-high-waist-wide-leg-pants/black/womens-classic-high-waist-wide-leg-pants-black-1.webp,5,Women's Classic High Waist Wide Leg Pants - view 5,,,,,,,,,,,,,,,,,,
,womens-classic-high-waist-wide-leg-pants,,,,,,,,,,,,,,,,,,,,,,,,,,,,,,,,,,,https://d3o8u8o2i2q94t.cloudfront.net/products/womens-classic-high-waist-wide-leg-pants/black/womens-classic-high-waist-wide-leg-pants-black-2.webp,6,Women's Classic High Waist Wide Leg Pants - view 6,,,,,,,,,,,,,,,,,,
,womens-classic-high-waist-wide-leg-pants,,,,,,,,,,,,,,,,,,,,,,,,,,,,,,,,,,,https://d3o8u8o2i2q94t.cloudfront.net/products/womens-classic-high-waist-wide-leg-pants/black/womens-classic-high-waist-wide-leg-pants-black-3.webp,7,Women's Classic High Waist Wide Leg Pants - view 7,,,,,,,,,,,,,,,,,,
,womens-classic-high-waist-wide-leg-pants,,,,,,,,,,,,,,,,,,,,,,,,,,,,,,,,,,,https://d3o8u8o2i2q94t.cloudfront.net/products/womens-classic-high-waist-wide-leg-pants/espresso-dark-brown/womens-classic-high-waist-wide-leg-pants-espresso-dark-brown-1.webp,8,Women's Classic High Waist Wide Leg Pants - view 8,,,,,,,,,,,,,,,,,,
,womens-classic-high-waist-wide-leg-pants,,,,,,,,,,,,,,,,,,,,,,,,,,,,,,,,,,,https://d3o8u8o2i2q94t.cloudfront.net/products/womens-classic-high-waist-wide-leg-pants/espresso-dark-brown/womens-classic-high-waist-wide-leg-pants-espresso-dark-brown-2.webp,9,Women's Classic High Waist Wide Leg Pants - view 9,,,,,,,,,,,,,,,,,,
,womens-classic-high-waist-wide-leg-pants,,,,,,,,,,,,,,,,,,,,,,,,,,,,,,,,,,,https://d3o8u8o2i2q94t.cloudfront.net/products/womens-classic-high-waist-wide-leg-pants/espresso-dark-brown/womens-classic-high-waist-wide-leg-pants-espresso-dark-brown-3.webp,10,Women's Classic High Waist Wide Leg Pants - view 10,,,,,,,,,,,,,,,,,,
,womens-classic-high-waist-wide-leg-pants,,,,,,,,,,,,,,,,,,,,,,,,,,,,,,,,,,,https://d3o8u8o2i2q94t.cloudfront.net/products/womens-classic-high-waist-wide-leg-pants/ivory/womens-classic-high-waist-wide-leg-pants-ivory-5.webp,11,Women's Classic High Waist Wide Leg Pants - view 11,,,,,,,,,,,,,,,,,,
,womens-classic-high-waist-wide-leg-pants,,,,,,,,,,,,,,,,,,,,,,,,,,,,,,,,,,,https://d3o8u8o2i2q94t.cloudfront.net/products/womens-classic-high-waist-wide-leg-pants/ivory/womens-classic-high-waist-wide-leg-pants-ivory-7.webp,12,Women's Classic High Waist Wide Leg Pants - view 12,,,,,,,,,,,,,,,,,,
,womens-classic-high-waist-wide-leg-pants,,,,,,,,,,,,,,,,,,,,,,,,,,,,,,,,,,,https://d3o8u8o2i2q94t.cloudfront.net/products/womens-classic-high-waist-wide-leg-pants/ivory/womens-classic-high-waist-wide-leg-pants-ivory-8.webp,13,Women's Classic High Waist Wide Leg Pants - view 13,,,,,,,,,,,,,,,,,,
,womens-classic-high-waist-wide-leg-pants,,,,,,,,,,,,,,,,,,,,,,,,,,,,,,,,,,,https://d3o8u8o2i2q94t.cloudfront.net/products/womens-classic-high-waist-wide-leg-pants/ivory/womens-classic-high-waist-wide-leg-pants-ivory-6.webp,14,Women's Classic High Waist Wide Leg Pants - view 14,,,,,,,,,,,,,,,,,,
,womens-classic-high-waist-wide-leg-pants,,,,,,,,,,,,,,,,,,,,,,,,,,,,,,,,,,,https://d3o8u8o2i2q94t.cloudfront.net/products/womens-classic-high-waist-wide-leg-pants/ivory/womens-classic-high-waist-wide-leg-pants-ivory-4.webp,15,Women's Classic High Waist Wide Leg Pants - view 15,,,,,,,,,,,,,,,,,,
,womens-classic-high-waist-wide-leg-pants,,,,,,,,,,,,,,,,,,,,,,,,,,,,,,,,,,,https://d3o8u8o2i2q94t.cloudfront.net/products/womens-classic-high-waist-wide-leg-pants/ivory/womens-classic-high-waist-wide-leg-pants-ivory-1.webp,16,Women's Classic High Waist Wide Leg Pants - view 16,,,,,,,,,,,,,,,,,,
,womens-classic-high-waist-wide-leg-pants,,,,,,,,,,,,,,,,,,,,,,,,,,,,,,,,,,,https://d3o8u8o2i2q94t.cloudfront.net/products/womens-classic-high-waist-wide-leg-pants/ivory/womens-classic-high-waist-wide-leg-pants-ivory-2.webp,17,Women's Classic High Waist Wide Leg Pants - view 17,,,,,,,,,,,,,,,,,,
,womens-classic-high-waist-wide-leg-pants,,,,,,,,,,,,,,,,,,,,,,,,,,,,,,,,,,,https://d3o8u8o2i2q94t.cloudfront.net/products/womens-classic-high-waist-wide-leg-pants/ivory/womens-classic-high-waist-wide-leg-pants-ivory-3.webp,18,Women's Classic High Waist Wide Leg Pants - view 18,,,,,,,,,,,,,,,,,,
,womens-classic-high-waist-wide-leg-pants,,,,,,,,,,,,,,,,,,,,,,,,,,,,,,,,,,,https://d3o8u8o2i2q94t.cloudfront.net/products/womens-classic-high-waist-wide-leg-pants/taupe/womens-classic-high-waist-wide-leg-pants-taupe-7.webp,19,Women's Classic High Waist Wide Leg Pants - view 19,,,,,,,,,,,,,,,,,,
,womens-classic-high-waist-wide-leg-pants,,,,,,,,,,,,,,,,,,,,,,,,,,,,,,,,,,,https://d3o8u8o2i2q94t.cloudfront.net/products/womens-classic-high-waist-wide-leg-pants/taupe/womens-classic-high-waist-wide-leg-pants-taupe-5.webp,20,Women's Classic High Waist Wide Leg Pants - view 20,,,,,,,,,,,,,,,,,,
,womens-classic-high-waist-wide-leg-pants,,,,,,,,,,,,,,,,,,,,,,,,,,,,,,,,,,,https://d3o8u8o2i2q94t.cloudfront.net/products/womens-classic-high-waist-wide-leg-pants/taupe/womens-classic-high-waist-wide-leg-pants-taupe-4.webp,21,Women's Classic High Waist Wide Leg Pants - view 21,,,,,,,,,,,,,,,,,,
,womens-classic-high-waist-wide-leg-pants,,,,,,,,,,,,,,,,,,,,,,,,,,,,,,,,,,,https://d3o8u8o2i2q94t.cloudfront.net/products/womens-classic-high-waist-wide-leg-pants/taupe/womens-classic-high-waist-wide-leg-pants-taupe-6.webp,22,Women's Classic High Waist Wide Leg Pants - view 22,,,,,,,,,,,,,,,,,,
,womens-classic-high-waist-wide-leg-pants,,,,,,,,,,,,,,,,,,,,,,,,,,,,,,,,,,,https://d3o8u8o2i2q94t.cloudfront.net/products/womens-classic-high-waist-wide-leg-pants/taupe/womens-classic-high-waist-wide-leg-pants-taupe-1.webp,23,Women's Classic High Waist Wide Leg Pants - view 23,,,,,,,,,,,,,,,,,,
,womens-classic-high-waist-wide-leg-pants,,,,,,,,,,,,,,,,,,,,,,,,,,,,,,,,,,,https://d3o8u8o2i2q94t.cloudfront.net/products/womens-classic-high-waist-wide-leg-pants/taupe/womens-classic-high-waist-wide-leg-pants-taupe-2.webp,24,Women's Classic High Waist Wide Leg Pants - view 24,,,,,,,,,,,,,,,,,,
,womens-classic-high-waist-wide-leg-pants,,,,,,,,,,,,,,,,,,,,,,,,,,,,,,,,,,,https://d3o8u8o2i2q94t.cloudfront.net/products/womens-classic-high-waist-wide-leg-pants/taupe/womens-classic-high-waist-wide-leg-pants-taupe-3.webp,25,Women's Classic High Waist Wide Leg Pants - view 25,,,,,,,,,,,,,,,,,,
Women's Classic High Waisted Straight-Leg Jeans,womens-classic-high-waisted-straight-leg-jeans,"Clean lines and easy comfort define these classic high-waisted straight-leg jeans in a versatile black wash. Crafted from premium cotton with a touch of stretch for all-day comfort, these Solomon & Sage jeans feature timeless five-pocket styling and contrast topstitching that adds subtle visual interest. A wardrobe essential that pairs effortlessly with everything from casual tees to polished blouses.",Solomon & Sage,Apparel & Accessories > Clothing,Jeans,"women, jeans",TRUE,active,WCHWSJ-BLAC-34,810221390145,Size,XL,,Color,Black,,,,,62.00,,,TRUE,,,,,,shopify,4,DENY,,g,TRUE,manual,https://d3o8u8o2i2q94t.cloudfront.net/products/women-s-classic-high-waisted-straight-leg-jeans/black/women-s-classic-high-waisted-straight-leg-jeans-black-1.webp,1,Women's Classic High Waisted Straight-Leg Jeans,https://d3o8u8o2i2q94t.cloudfront.net/products/women-s-classic-high-waisted-straight-leg-jeans/black/women-s-classic-high-waisted-straight-leg-jeans-black-1.webp,FALSE,Women's Classic High Waisted Straight-Leg Jeans | Solomon & Sage,Clean lines and easy comfort define these classic high-waisted straight-leg jeans in a versatile black wash. Crafted from premium cotton with a touch of stretch,Black,Apparel & Accessories > Clothing,,,,,,new,,,,,,
,womens-classic-high-waisted-straight-leg-jeans,,,,,,,,WCHWSJ-BLAC-26,810221390107,,26,,,Black,,,,,62.00,,,TRUE,,,,,,shopify,1,DENY,,g,TRUE,manual,,,,https://d3o8u8o2i2q94t.cloudfront.net/products/women-s-classic-high-waisted-straight-leg-jeans/black/women-s-classic-high-waisted-straight-leg-jeans-black-1.webp,FALSE,,,,,,,,,,,,,,,,
,womens-classic-high-waisted-straight-leg-jeans,,,,,,,,WCHWSJ-BLAC-28,810221390121,,28,,,Black,,,,,62.00,,,TRUE,,,,,,shopify,3,DENY,,g,TRUE,manual,,,,https://d3o8u8o2i2q94t.cloudfront.net/products/women-s-classic-high-waisted-straight-leg-jeans/black/women-s-classic-high-waisted-straight-leg-jeans-black-1.webp,FALSE,,,,,,,,,,,,,,,,
,womens-classic-high-waisted-straight-leg-jeans,,,,,,,,WCHWSJ-BLAC-30,810221390183,,30,,,Black,,,,,62.00,,,TRUE,,,,,,shopify,4,DENY,,g,TRUE,manual,,,,https://d3o8u8o2i2q94t.cloudfront.net/products/women-s-classic-high-waisted-straight-leg-jeans/black/women-s-classic-high-waisted-straight-leg-jeans-black-1.webp,FALSE,,,,,,,,,,,,,,,,
,womens-classic-high-waisted-straight-leg-jeans,,,,,,,,WCHWSJ-BLAC-32,810221390190,,32,,,Black,,,,,62.00,,,TRUE,,,,,,shopify,1,DENY,,g,TRUE,manual,,,,https://d3o8u8o2i2q94t.cloudfront.net/products/women-s-classic-high-waisted-straight-leg-jeans/black/women-s-classic-high-waisted-straight-leg-jeans-black-1.webp,FALSE,,,,,,,,,,,,,,,,
,womens-classic-high-waisted-straight-leg-jeans,,,,,,,,,,,,,,,,,,,,,,,,,,,,,,,,,,,https://d3o8u8o2i2q94t.cloudfront.net/products/women-s-classic-high-waisted-straight-leg-jeans/black/women-s-classic-high-waisted-straight-leg-jeans-black-2.webp,2,Women's Classic High Waisted Straight-Leg Jeans - view 2,,,,,,,,,,,,,,,,,,
Women's Classic Organic Wide Leg Pants,womens-classic-organic-wide-leg-pants,"Meet your new go-to these sophisticated high-waisted wide leg pants in a versatile warm gray hue. Crafted from a comfortable cotton-viscose blend, these tailored trousers feature clean front seams, functional side pockets, and a polished button closure for effortless style from office to evening.",Solomon & Sage,Apparel & Accessories > Clothing,Bottoms,"women, bottoms",TRUE,active,WSHWWL-MOCH-29,810221390688,Size,XL,,Color,Mocha,,,,,62.00,,,TRUE,,,,,,shopify,1,DENY,,g,TRUE,manual,https://d3o8u8o2i2q94t.cloudfront.net/products/womens-sandg-high-waist-wide-leg-pants/burgundy/womens-sandg-high-waist-wide-leg-pants-burgundy-4.webp,1,Women's Classic Organic Wide Leg Pants,https://d3o8u8o2i2q94t.cloudfront.net/products/womens-sandg-high-waist-wide-leg-pants/mocha/womens-sandg-high-waist-wide-leg-pants-mocha-4.webp,FALSE,Women's Classic Organic Wide Leg Pants | Solomon & Sage,"Meet your new go-to these sophisticated high-waisted wide leg pants in a versatile warm gray hue. Crafted from a comfortable cotton-viscose blend, these tailore",Mocha; Rose-Gray; Wam Gray; Burgundy,Apparel & Accessories > Clothing,,,,,,new,,,,,,
,womens-classic-organic-wide-leg-pants,,,,,,,,WSHWWL-ROSE-29,810221391487,,XL,,,Rose-Gray,,,,,62.00,,,TRUE,,,,,,shopify,2,DENY,,g,TRUE,manual,,,,https://d3o8u8o2i2q94t.cloudfront.net/products/womens-sandg-high-waist-wide-leg-pants/rose-gray/womens-sandg-high-waist-wide-leg-pants-rose-gray-4.webp,FALSE,,,,,,,,,,,,,,,,
,womens-classic-organic-wide-leg-pants,,,,,,,,WSHWWL-WAMG-29,810221390480,,XL,,,Wam Gray,,,,,62.00,,,TRUE,,,,,,shopify,1,DENY,,g,TRUE,manual,,,,https://d3o8u8o2i2q94t.cloudfront.net/products/womens-sandg-high-waist-wide-leg-pants/wam-gray/womens-sandg-high-waist-wide-leg-pants-wam-gray-4.webp,FALSE,,,,,,,,,,,,,,,,
,womens-classic-organic-wide-leg-pants,,,,,,,,WSHWWL-BURG-26,810221390503,,26,,,Burgundy,,,,,62.00,,,TRUE,,,,,,shopify,0,DENY,,g,TRUE,manual,,,,https://d3o8u8o2i2q94t.cloudfront.net/products/womens-sandg-high-waist-wide-leg-pants/burgundy/womens-sandg-high-waist-wide-leg-pants-burgundy-4.webp,FALSE,,,,,,,,,,,,,,,,
,womens-classic-organic-wide-leg-pants,,,,,,,,WSHWWL-MOCH-26,810221390657,,26,,,Mocha,,,,,62.00,,,TRUE,,,,,,shopify,0,DENY,,g,TRUE,manual,,,,https://d3o8u8o2i2q94t.cloudfront.net/products/womens-sandg-high-waist-wide-leg-pants/mocha/womens-sandg-high-waist-wide-leg-pants-mocha-4.webp,FALSE,,,,,,,,,,,,,,,,
,womens-classic-organic-wide-leg-pants,,,,,,,,WSHWWL-ROSE-26,810221391456,,26,,,Rose-Gray,,,,,62.00,,,TRUE,,,,,,shopify,0,DENY,,g,TRUE,manual,,,,https://d3o8u8o2i2q94t.cloudfront.net/products/womens-sandg-high-waist-wide-leg-pants/rose-gray/womens-sandg-high-waist-wide-leg-pants-rose-gray-4.webp,FALSE,,,,,,,,,,,,,,,,
,womens-classic-organic-wide-leg-pants,,,,,,,,WSHWWL-WAMG-26,810221390459,,26,,,Wam Gray,,,,,62.00,,,TRUE,,,,,,shopify,0,DENY,,g,TRUE,manual,,,,https://d3o8u8o2i2q94t.cloudfront.net/products/womens-sandg-high-waist-wide-leg-pants/wam-gray/womens-sandg-high-waist-wide-leg-pants-wam-gray-4.webp,FALSE,,,,,,,,,,,,,,,,
,womens-classic-organic-wide-leg-pants,,,,,,,,WSHWWL-BURG-28,810221390527,,28,,,Burgundy,,,,,62.00,,,TRUE,,,,,,shopify,0,DENY,,g,TRUE,manual,,,,https://d3o8u8o2i2q94t.cloudfront.net/products/womens-sandg-high-waist-wide-leg-pants/burgundy/womens-sandg-high-waist-wide-leg-pants-burgundy-4.webp,FALSE,,,,,,,,,,,,,,,,
,womens-classic-organic-wide-leg-pants,,,,,,,,WSHWWL-MOCH-28,810221390671,,28,,,Mocha,,,,,62.00,,,TRUE,,,,,,shopify,0,DENY,,g,TRUE,manual,,,,https://d3o8u8o2i2q94t.cloudfront.net/products/womens-sandg-high-waist-wide-leg-pants/mocha/womens-sandg-high-waist-wide-leg-pants-mocha-4.webp,FALSE,,,,,,,,,,,,,,,,
,womens-classic-organic-wide-leg-pants,,,,,,,,WSHWWL-ROSE-28,810221391470,,28,,,Rose-Gray,,,,,62.00,,,TRUE,,,,,,shopify,1,DENY,,g,TRUE,manual,,,,https://d3o8u8o2i2q94t.cloudfront.net/products/womens-sandg-high-waist-wide-leg-pants/rose-gray/womens-sandg-high-waist-wide-leg-pants-rose-gray-4.webp,FALSE,,,,,,,,,,,,,,,,
,womens-classic-organic-wide-leg-pants,,,,,,,,WSHWWL-WAMG-28,810221390473,,28,,,Wam Gray,,,,,62.00,,,TRUE,,,,,,shopify,0,DENY,,g,TRUE,manual,,,,https://d3o8u8o2i2q94t.cloudfront.net/products/womens-sandg-high-waist-wide-leg-pants/wam-gray/womens-sandg-high-waist-wide-leg-pants-wam-gray-4.webp,FALSE,,,,,,,,,,,,,,,,
,womens-classic-organic-wide-leg-pants,,,,,,,,WSHWWL-BURG-30,810221390541,,30,,,Burgundy,,,,,62.00,,,TRUE,,,,,,shopify,0,DENY,,g,TRUE,manual,,,,https://d3o8u8o2i2q94t.cloudfront.net/products/womens-sandg-high-waist-wide-leg-pants/burgundy/womens-sandg-high-waist-wide-leg-pants-burgundy-4.webp,FALSE,,,,,,,,,,,,,,,,
,womens-classic-organic-wide-leg-pants,,,,,,,,WSHWWL-MOCH-30,810221390695,,30,,,Mocha,,,,,62.00,,,TRUE,,,,,,shopify,2,DENY,,g,TRUE,manual,,,,https://d3o8u8o2i2q94t.cloudfront.net/products/womens-sandg-high-waist-wide-leg-pants/mocha/womens-sandg-high-waist-wide-leg-pants-mocha-4.webp,FALSE,,,,,,,,,,,,,,,,
,womens-classic-organic-wide-leg-pants,,,,,,,,WSHWWL-ROSE-30,810221391494,,30,,,Rose-Gray,,,,,62.00,,,TRUE,,,,,,shopify,5,DENY,,g,TRUE,manual,,,,https://d3o8u8o2i2q94t.cloudfront.net/products/womens-sandg-high-waist-wide-leg-pants/rose-gray/womens-sandg-high-waist-wide-leg-pants-rose-gray-4.webp,FALSE,,,,,,,,,,,,,,,,
,womens-classic-organic-wide-leg-pants,,,,,,,,WSHWWL-WAMG-30,810221390497,,30,,,Wam Gray,,,,,62.00,,,TRUE,,,,,,shopify,2,DENY,,g,TRUE,manual,,,,https://d3o8u8o2i2q94t.cloudfront.net/products/womens-sandg-high-waist-wide-leg-pants/wam-gray/womens-sandg-high-waist-wide-leg-pants-wam-gray-4.webp,FALSE,,,,,,,,,,,,,,,,
,womens-classic-organic-wide-leg-pants,,,,,,,,WSHWWL-BURG-27,810221390510,,32,,,Burgundy,,,,,62.00,,,TRUE,,,,,,shopify,3,DENY,,g,TRUE,manual,,,,https://d3o8u8o2i2q94t.cloudfront.net/products/womens-sandg-high-waist-wide-leg-pants/burgundy/womens-sandg-high-waist-wide-leg-pants-burgundy-4.webp,FALSE,,,,,,,,,,,,,,,,
,womens-classic-organic-wide-leg-pants,,,,,,,,WSHWWL-MOCH-27,810221390664,,32,,,Mocha,,,,,62.00,,,TRUE,,,,,,shopify,6,DENY,,g,TRUE,manual,,,,https://d3o8u8o2i2q94t.cloudfront.net/products/womens-sandg-high-waist-wide-leg-pants/mocha/womens-sandg-high-waist-wide-leg-pants-mocha-4.webp,FALSE,,,,,,,,,,,,,,,,
,womens-classic-organic-wide-leg-pants,,,,,,,,WSHWWL-ROSE-27,810221391463,,32,,,Rose-Gray,,,,,62.00,,,TRUE,,,,,,shopify,4,DENY,,g,TRUE,manual,,,,https://d3o8u8o2i2q94t.cloudfront.net/products/womens-sandg-high-waist-wide-leg-pants/rose-gray/womens-sandg-high-waist-wide-leg-pants-rose-gray-4.webp,FALSE,,,,,,,,,,,,,,,,
,womens-classic-organic-wide-leg-pants,,,,,,,,WSHWWL-WAMG-27,810221390466,,32,,,Wam Gray,,,,,62.00,,,TRUE,,,,,,shopify,5,DENY,,g,TRUE,manual,,,,https://d3o8u8o2i2q94t.cloudfront.net/products/womens-sandg-high-waist-wide-leg-pants/wam-gray/womens-sandg-high-waist-wide-leg-pants-wam-gray-4.webp,FALSE,,,,,,,,,,,,,,,,
,womens-classic-organic-wide-leg-pants,,,,,,,,WSHWWL-BURG-29,810221390534,,34,,,Burgundy,,,,,62.00,,,TRUE,,,,,,shopify,2,DENY,,g,TRUE,manual,,,,https://d3o8u8o2i2q94t.cloudfront.net/products/womens-sandg-high-waist-wide-leg-pants/burgundy/womens-sandg-high-waist-wide-leg-pants-burgundy-4.webp,FALSE,,,,,,,,,,,,,,,,
,womens-classic-organic-wide-leg-pants,,,,,,,,,,,,,,,,,,,,,,,,,,,,,,,,,,,https://d3o8u8o2i2q94t.cloudfront.net/products/womens-sandg-high-waist-wide-leg-pants/burgundy/womens-sandg-high-waist-wide-leg-pants-burgundy-5.webp,2,Women's Classic Organic Wide Leg Pants - view 2,,,,,,,,,,,,,,,,,,
,womens-classic-organic-wide-leg-pants,,,,,,,,,,,,,,,,,,,,,,,,,,,,,,,,,,,https://d3o8u8o2i2q94t.cloudfront.net/products/womens-sandg-high-waist-wide-leg-pants/burgundy/womens-sandg-high-waist-wide-leg-pants-burgundy-9.webp,3,Women's Classic Organic Wide Leg Pants - view 3,,,,,,,,,,,,,,,,,,
,womens-classic-organic-wide-leg-pants,,,,,,,,,,,,,,,,,,,,,,,,,,,,,,,,,,,https://d3o8u8o2i2q94t.cloudfront.net/products/womens-sandg-high-waist-wide-leg-pants/burgundy/womens-sandg-high-waist-wide-leg-pants-burgundy-7.webp,4,Women's Classic Organic Wide Leg Pants - view 4,,,,,,,,,,,,,,,,,,
,womens-classic-organic-wide-leg-pants,,,,,,,,,,,,,,,,,,,,,,,,,,,,,,,,,,,https://d3o8u8o2i2q94t.cloudfront.net/products/womens-sandg-high-waist-wide-leg-pants/burgundy/womens-sandg-high-waist-wide-leg-pants-burgundy-6.webp,5,Women's Classic Organic Wide Leg Pants - view 5,,,,,,,,,,,,,,,,,,
,womens-classic-organic-wide-leg-pants,,,,,,,,,,,,,,,,,,,,,,,,,,,,,,,,,,,https://d3o8u8o2i2q94t.cloudfront.net/products/womens-sandg-high-waist-wide-leg-pants/burgundy/womens-sandg-high-waist-wide-leg-pants-burgundy-1.webp,6,Women's Classic Organic Wide Leg Pants - view 6,,,,,,,,,,,,,,,,,,
,womens-classic-organic-wide-leg-pants,,,,,,,,,,,,,,,,,,,,,,,,,,,,,,,,,,,https://d3o8u8o2i2q94t.cloudfront.net/products/womens-sandg-high-waist-wide-leg-pants/burgundy/womens-sandg-high-waist-wide-leg-pants-burgundy-2.webp,7,Women's Classic Organic Wide Leg Pants - view 7,,,,,,,,,,,,,,,,,,
,womens-classic-organic-wide-leg-pants,,,,,,,,,,,,,,,,,,,,,,,,,,,,,,,,,,,https://d3o8u8o2i2q94t.cloudfront.net/products/womens-sandg-high-waist-wide-leg-pants/burgundy/womens-sandg-high-waist-wide-leg-pants-burgundy-3.webp,8,Women's Classic Organic Wide Leg Pants - view 8,,,,,,,,,,,,,,,,,,
,womens-classic-organic-wide-leg-pants,,,,,,,,,,,,,,,,,,,,,,,,,,,,,,,,,,,https://d3o8u8o2i2q94t.cloudfront.net/products/womens-sandg-high-waist-wide-leg-pants/mocha/womens-sandg-high-waist-wide-leg-pants-mocha-2.webp,9,Women's Classic Organic Wide Leg Pants - view 9,,,,,,,,,,,,,,,,,,
,womens-classic-organic-wide-leg-pants,,,,,,,,,,,,,,,,,,,,,,,,,,,,,,,,,,,https://d3o8u8o2i2q94t.cloudfront.net/products/womens-sandg-high-waist-wide-leg-pants/mocha/womens-sandg-high-waist-wide-leg-pants-mocha-4.webp,10,Women's Classic Organic Wide Leg Pants - view 10,,,,,,,,,,,,,,,,,,
,womens-classic-organic-wide-leg-pants,,,,,,,,,,,,,,,,,,,,,,,,,,,,,,,,,,,https://d3o8u8o2i2q94t.cloudfront.net/products/womens-sandg-high-waist-wide-leg-pants/mocha/womens-sandg-high-waist-wide-leg-pants-mocha-6.webp,11,Women's Classic Organic Wide Leg Pants - view 11,,,,,,,,,,,,,,,,,,
,womens-classic-organic-wide-leg-pants,,,,,,,,,,,,,,,,,,,,,,,,,,,,,,,,,,,https://d3o8u8o2i2q94t.cloudfront.net/products/womens-sandg-high-waist-wide-leg-pants/mocha/womens-sandg-high-waist-wide-leg-pants-mocha-8.webp,12,Women's Classic Organic Wide Leg Pants - view 12,,,,,,,,,,,,,,,,,,
,womens-classic-organic-wide-leg-pants,,,,,,,,,,,,,,,,,,,,,,,,,,,,,,,,,,,https://d3o8u8o2i2q94t.cloudfront.net/products/womens-sandg-high-waist-wide-leg-pants/mocha/womens-sandg-high-waist-wide-leg-pants-mocha-10.webp,13,Women's Classic Organic Wide Leg Pants - view 13,,,,,,,,,,,,,,,,,,
,womens-classic-organic-wide-leg-pants,,,,,,,,,,,,,,,,,,,,,,,,,,,,,,,,,,,https://d3o8u8o2i2q94t.cloudfront.net/products/womens-sandg-high-waist-wide-leg-pants/mocha/womens-sandg-high-waist-wide-leg-pants-mocha-7.webp,14,Women's Classic Organic Wide Leg Pants - view 14,,,,,,,,,,,,,,,,,,
,womens-classic-organic-wide-leg-pants,,,,,,,,,,,,,,,,,,,,,,,,,,,,,,,,,,,https://d3o8u8o2i2q94t.cloudfront.net/products/womens-sandg-high-waist-wide-leg-pants/mocha/womens-sandg-high-waist-wide-leg-pants-mocha-9.webp,15,Women's Classic Organic Wide Leg Pants - view 15,,,,,,,,,,,,,,,,,,
,womens-classic-organic-wide-leg-pants,,,,,,,,,,,,,,,,,,,,,,,,,,,,,,,,,,,https://d3o8u8o2i2q94t.cloudfront.net/products/womens-sandg-high-waist-wide-leg-pants/mocha/womens-sandg-high-waist-wide-leg-pants-mocha-11.webp,16,Women's Classic Organic Wide Leg Pants - view 16,,,,,,,,,,,,,,,,,,
,womens-classic-organic-wide-leg-pants,,,,,,,,,,,,,,,,,,,,,,,,,,,,,,,,,,,https://d3o8u8o2i2q94t.cloudfront.net/products/womens-sandg-high-waist-wide-leg-pants/mocha/womens-sandg-high-waist-wide-leg-pants-mocha-3.webp,17,Women's Classic Organic Wide Leg Pants - view 17,,,,,,,,,,,,,,,,,,
,womens-classic-organic-wide-leg-pants,,,,,,,,,,,,,,,,,,,,,,,,,,,,,,,,,,,https://d3o8u8o2i2q94t.cloudfront.net/products/womens-sandg-high-waist-wide-leg-pants/mocha/womens-sandg-high-waist-wide-leg-pants-mocha-1.webp,18,Women's Classic Organic Wide Leg Pants - view 18,,,,,,,,,,,,,,,,,,
,womens-classic-organic-wide-leg-pants,,,,,,,,,,,,,,,,,,,,,,,,,,,,,,,,,,,https://d3o8u8o2i2q94t.cloudfront.net/products/womens-sandg-high-waist-wide-leg-pants/rose-gray/womens-sandg-high-waist-wide-leg-pants-rose-gray-4.webp,19,Women's Classic Organic Wide Leg Pants - view 19,,,,,,,,,,,,,,,,,,
,womens-classic-organic-wide-leg-pants,,,,,,,,,,,,,,,,,,,,,,,,,,,,,,,,,,,https://d3o8u8o2i2q94t.cloudfront.net/products/womens-sandg-high-waist-wide-leg-pants/rose-gray/womens-sandg-high-waist-wide-leg-pants-rose-gray-5.webp,20,Women's Classic Organic Wide Leg Pants - view 20,,,,,,,,,,,,,,,,,,
,womens-classic-organic-wide-leg-pants,,,,,,,,,,,,,,,,,,,,,,,,,,,,,,,,,,,https://d3o8u8o2i2q94t.cloudfront.net/products/womens-sandg-high-waist-wide-leg-pants/rose-gray/womens-sandg-high-waist-wide-leg-pants-rose-gray-10.webp,21,Women's Classic Organic Wide Leg Pants - view 21,,,,,,,,,,,,,,,,,,
,womens-classic-organic-wide-leg-pants,,,,,,,,,,,,,,,,,,,,,,,,,,,,,,,,,,,https://d3o8u8o2i2q94t.cloudfront.net/products/womens-sandg-high-waist-wide-leg-pants/rose-gray/womens-sandg-high-waist-wide-leg-pants-rose-gray-6.webp,22,Women's Classic Organic Wide Leg Pants - view 22,,,,,,,,,,,,,,,,,,
,womens-classic-organic-wide-leg-pants,,,,,,,,,,,,,,,,,,,,,,,,,,,,,,,,,,,https://d3o8u8o2i2q94t.cloudfront.net/products/womens-sandg-high-waist-wide-leg-pants/rose-gray/womens-sandg-high-waist-wide-leg-pants-rose-gray-9.webp,23,Women's Classic Organic Wide Leg Pants - view 23,,,,,,,,,,,,,,,,,,
,womens-classic-organic-wide-leg-pants,,,,,,,,,,,,,,,,,,,,,,,,,,,,,,,,,,,https://d3o8u8o2i2q94t.cloudfront.net/products/womens-sandg-high-waist-wide-leg-pants/rose-gray/womens-sandg-high-waist-wide-leg-pants-rose-gray-7.webp,24,Women's Classic Organic Wide Leg Pants - view 24,,,,,,,,,,,,,,,,,,
,womens-classic-organic-wide-leg-pants,,,,,,,,,,,,,,,,,,,,,,,,,,,,,,,,,,,https://d3o8u8o2i2q94t.cloudfront.net/products/womens-sandg-high-waist-wide-leg-pants/rose-gray/womens-sandg-high-waist-wide-leg-pants-rose-gray-1.webp,25,Women's Classic Organic Wide Leg Pants - view 25,,,,,,,,,,,,,,,,,,
,womens-classic-organic-wide-leg-pants,,,,,,,,,,,,,,,,,,,,,,,,,,,,,,,,,,,https://d3o8u8o2i2q94t.cloudfront.net/products/womens-sandg-high-waist-wide-leg-pants/rose-gray/womens-sandg-high-waist-wide-leg-pants-rose-gray-2.webp,26,Women's Classic Organic Wide Leg Pants - view 26,,,,,,,,,,,,,,,,,,
,womens-classic-organic-wide-leg-pants,,,,,,,,,,,,,,,,,,,,,,,,,,,,,,,,,,,https://d3o8u8o2i2q94t.cloudfront.net/products/womens-sandg-high-waist-wide-leg-pants/rose-gray/womens-sandg-high-waist-wide-leg-pants-rose-gray-3.webp,27,Women's Classic Organic Wide Leg Pants - view 27,,,,,,,,,,,,,,,,,,
,womens-classic-organic-wide-leg-pants,,,,,,,,,,,,,,,,,,,,,,,,,,,,,,,,,,,https://d3o8u8o2i2q94t.cloudfront.net/products/womens-sandg-high-waist-wide-leg-pants/wam-gray/womens-sandg-high-waist-wide-leg-pants-wam-gray-4.webp,28,Women's Classic Organic Wide Leg Pants - view 28,,,,,,,,,,,,,,,,,,
,womens-classic-organic-wide-leg-pants,,,,,,,,,,,,,,,,,,,,,,,,,,,,,,,,,,,https://d3o8u8o2i2q94t.cloudfront.net/products/womens-sandg-high-waist-wide-leg-pants/wam-gray/womens-sandg-high-waist-wide-leg-pants-wam-gray-8.webp,29,Women's Classic Organic Wide Leg Pants - view 29,,,,,,,,,,,,,,,,,,
,womens-classic-organic-wide-leg-pants,,,,,,,,,,,,,,,,,,,,,,,,,,,,,,,,,,,https://d3o8u8o2i2q94t.cloudfront.net/products/womens-sandg-high-waist-wide-leg-pants/wam-gray/womens-sandg-high-waist-wide-leg-pants-wam-gray-9.webp,30,Women's Classic Organic Wide Leg Pants - view 30,,,,,,,,,,,,,,,,,,
,womens-classic-organic-wide-leg-pants,,,,,,,,,,,,,,,,,,,,,,,,,,,,,,,,,,,https://d3o8u8o2i2q94t.cloudfront.net/products/womens-sandg-high-waist-wide-leg-pants/wam-gray/womens-sandg-high-waist-wide-leg-pants-wam-gray-6.webp,31,Women's Classic Organic Wide Leg Pants - view 31,,,,,,,,,,,,,,,,,,
,womens-classic-organic-wide-leg-pants,,,,,,,,,,,,,,,,,,,,,,,,,,,,,,,,,,,https://d3o8u8o2i2q94t.cloudfront.net/products/womens-sandg-high-waist-wide-leg-pants/wam-gray/womens-sandg-high-waist-wide-leg-pants-wam-gray-13.webp,32,Women's Classic Organic Wide Leg Pants - view 32,,,,,,,,,,,,,,,,,,
,womens-classic-organic-wide-leg-pants,,,,,,,,,,,,,,,,,,,,,,,,,,,,,,,,,,,https://d3o8u8o2i2q94t.cloudfront.net/products/womens-sandg-high-waist-wide-leg-pants/wam-gray/womens-sandg-high-waist-wide-leg-pants-wam-gray-5.webp,33,Women's Classic Organic Wide Leg Pants - view 33,,,,,,,,,,,,,,,,,,
,womens-classic-organic-wide-leg-pants,,,,,,,,,,,,,,,,,,,,,,,,,,,,,,,,,,,https://d3o8u8o2i2q94t.cloudfront.net/products/womens-sandg-high-waist-wide-leg-pants/wam-gray/womens-sandg-high-waist-wide-leg-pants-wam-gray-1.webp,34,Women's Classic Organic Wide Leg Pants - view 34,,,,,,,,,,,,,,,,,,
,womens-classic-organic-wide-leg-pants,,,,,,,,,,,,,,,,,,,,,,,,,,,,,,,,,,,https://d3o8u8o2i2q94t.cloudfront.net/products/womens-sandg-high-waist-wide-leg-pants/wam-gray/womens-sandg-high-waist-wide-leg-pants-wam-gray-2.webp,35,Women's Classic Organic Wide Leg Pants - view 35,,,,,,,,,,,,,,,,,,
,womens-classic-organic-wide-leg-pants,,,,,,,,,,,,,,,,,,,,,,,,,,,,,,,,,,,https://d3o8u8o2i2q94t.cloudfront.net/products/womens-sandg-high-waist-wide-leg-pants/wam-gray/womens-sandg-high-waist-wide-leg-pants-wam-gray-3.webp,36,Women's Classic Organic Wide Leg Pants - view 36,,,,,,,,,,,,,,,,,,
Women's Denim Boot Cut Leg Jeans,womens-denim-boot-cut-leg-jeans,"A timeless bootcut silhouette designed for everyday wear, these jeans offer a flattering, balanced fit with a subtle flare from the knee. Crafted from soft, stretch denim for all-day comfort, they pair effortlessly with heels or sneakers for a polished yet relaxed look.",Solomon & Sage,Apparel & Accessories > Clothing,Jeans,,TRUE,active,DE-BOTLT-W26,,Size,26,,Color,Medium Wash,,,,,59.30,,,TRUE,,,,,,shopify,3,DENY,,g,TRUE,manual,https://d3o8u8o2i2q94t.cloudfront.net/products/1777804554900-boot-cut-.webp,1,Women's Denim Boot Cut Leg Jeans,https://d3o8u8o2i2q94t.cloudfront.net/products/1777804554900-boot-cut-.webp,FALSE,Women's Denim Boot Cut Leg Jeans | Solomon & Sage,"A timeless bootcut silhouette designed for everyday wear, these jeans offer a flattering, balanced fit with a subtle flare from the knee. Crafted from soft, str",Medium Wash,Apparel & Accessories > Clothing,,,,,,new,,,,,,
,womens-denim-boot-cut-leg-jeans,,,,,,,,DE-BOTLT-W28,,,28,,,Medium Wash,,,,,59.30,,,TRUE,,,,,,shopify,2,DENY,,g,TRUE,manual,,,,https://d3o8u8o2i2q94t.cloudfront.net/products/1777804554900-boot-cut-.webp,FALSE,,,,,,,,,,,,,,,,
,womens-denim-boot-cut-leg-jeans,,,,,,,,DE-BOTLT-W30,,,30,,,Medium Wash,,,,,59.30,,,TRUE,,,,,,shopify,4,DENY,,g,TRUE,manual,,,,https://d3o8u8o2i2q94t.cloudfront.net/products/1777804554900-boot-cut-.webp,FALSE,,,,,,,,,,,,,,,,
,womens-denim-boot-cut-leg-jeans,,,,,,,,DE-BOTLT-W32,,,32,,,Medium Wash,,,,,59.30,,,TRUE,,,,,,shopify,1,DENY,,g,TRUE,manual,,,,https://d3o8u8o2i2q94t.cloudfront.net/products/1777804554900-boot-cut-.webp,FALSE,,,,,,,,,,,,,,,,
,womens-denim-boot-cut-leg-jeans,,,,,,,,,,,,,,,,,,,,,,,,,,,,,,,,,,,https://d3o8u8o2i2q94t.cloudfront.net/products/1777804558542-boot-cut-1.webp,2,Women's Denim Boot Cut Leg Jeans - view 2,,,,,,,,,,,,,,,,,,
,womens-denim-boot-cut-leg-jeans,,,,,,,,,,,,,,,,,,,,,,,,,,,,,,,,,,,https://d3o8u8o2i2q94t.cloudfront.net/products/1777804560259-boot-cut-2.webp,3,Women's Denim Boot Cut Leg Jeans - view 3,,,,,,,,,,,,,,,,,,
,womens-denim-boot-cut-leg-jeans,,,,,,,,,,,,,,,,,,,,,,,,,,,,,,,,,,,https://d3o8u8o2i2q94t.cloudfront.net/products/1777804564370-boot-cut-5.webp,4,Women's Denim Boot Cut Leg Jeans - view 4,,,,,,,,,,,,,,,,,,
,womens-denim-boot-cut-leg-jeans,,,,,,,,,,,,,,,,,,,,,,,,,,,,,,,,,,,https://d3o8u8o2i2q94t.cloudfront.net/products/1777804561687-boot-cut-3.webp,5,Women's Denim Boot Cut Leg Jeans - view 5,,,,,,,,,,,,,,,,,,
,womens-denim-boot-cut-leg-jeans,,,,,,,,,,,,,,,,,,,,,,,,,,,,,,,,,,,https://d3o8u8o2i2q94t.cloudfront.net/products/1777804563015-boot-cut-4.webp,6,Women's Denim Boot Cut Leg Jeans - view 6,,,,,,,,,,,,,,,,,,
Women's High-Waist Wide-Leg Cargo Pants,womens-high-waist-wide-leg-cargo-pants,"Comfort meets utility in these versatile wide-leg cargo pants. Designed with a flattering elevated rise that skims the waist and a relaxed leg that falls into a fluid line, the silhouette delivers an effortlessly cool, lived-in look. Pair with a fitted tee for everyday ease or a tucked blouse for a sharper finish — a wardrobe staple that works across seasons.",Solomon & Sage,Apparel & Accessories > Clothing,Bottoms,"women, bottoms",TRUE,active,WHWCP-BLAC-8,810221390367,Size,S,,Color,Black,,,,,52.00,,,TRUE,,,,,,shopify,0,DENY,,g,TRUE,manual,https://d3o8u8o2i2q94t.cloudfront.net/products/womens-high-waist-wide-leg-cargo-pants/black/womens-high-waist-wide-leg-cargo-pants-black-8.webp,1,Women's High-Waist Wide-Leg Cargo Pants,https://d3o8u8o2i2q94t.cloudfront.net/products/womens-high-waist-wide-leg-cargo-pants/black/womens-high-waist-wide-leg-cargo-pants-black-8.webp,FALSE,Women's High-Waist Wide-Leg Cargo Pants | Solomon & Sage,Comfort meets utility in these versatile wide-leg cargo pants. Designed with a flattering elevated rise that skims the waist and a relaxed leg that falls into a,Black; Dark Brown; Green,Apparel & Accessories > Clothing,,,,,,new,,,,,,
,womens-high-waist-wide-leg-cargo-pants,,,,,,,,WHWCP-DARK-8,810221393573,,S,,,Dark Brown,,,,,52.00,,,TRUE,,,,,,shopify,2,DENY,,g,TRUE,manual,,,,https://d3o8u8o2i2q94t.cloudfront.net/products/womens-high-waist-wide-leg-cargo-pants/dark-brown/womens-high-waist-wide-leg-cargo-pants-dark-brown-4.webp,FALSE,,,,,,,,,,,,,,,,
,womens-high-waist-wide-leg-cargo-pants,,,,,,,,WHWCP-GREE-8,810221390312,,S,,,Green,,,,,52.00,,,TRUE,,,,,,shopify,0,DENY,,g,TRUE,manual,,,,https://d3o8u8o2i2q94t.cloudfront.net/products/womens-high-waist-wide-leg-cargo-pants/green/womens-high-waist-wide-leg-cargo-pants-green-5.webp,FALSE,,,,,,,,,,,,,,,,
,womens-high-waist-wide-leg-cargo-pants,,,,,,,,WHWCP-BLAC-10,810221390374,,M,,,Black,,,,,52.00,,,TRUE,,,,,,shopify,6,DENY,,g,TRUE,manual,,,,https://d3o8u8o2i2q94t.cloudfront.net/products/womens-high-waist-wide-leg-cargo-pants/black/womens-high-waist-wide-leg-cargo-pants-black-8.webp,FALSE,,,,,,,,,,,,,,,,
,womens-high-waist-wide-leg-cargo-pants,,,,,,,,WHWCP-DARK-10,810221393580,,M,,,Dark Brown,,,,,52.00,,,TRUE,,,,,,shopify,2,DENY,,g,TRUE,manual,,,,https://d3o8u8o2i2q94t.cloudfront.net/products/womens-high-waist-wide-leg-cargo-pants/dark-brown/womens-high-waist-wide-leg-cargo-pants-dark-brown-4.webp,FALSE,,,,,,,,,,,,,,,,
,womens-high-waist-wide-leg-cargo-pants,,,,,,,,WHWCP-GREE-10,810221390329,,M,,,Green,,,,,52.00,,,TRUE,,,,,,shopify,1,DENY,,g,TRUE,manual,,,,https://d3o8u8o2i2q94t.cloudfront.net/products/womens-high-waist-wide-leg-cargo-pants/green/womens-high-waist-wide-leg-cargo-pants-green-5.webp,FALSE,,,,,,,,,,,,,,,,
,womens-high-waist-wide-leg-cargo-pants,,,,,,,,WHWCP-BLAC-12,810221390381,,L,,,Black,,,,,52.00,,,TRUE,,,,,,shopify,7,DENY,,g,TRUE,manual,,,,https://d3o8u8o2i2q94t.cloudfront.net/products/womens-high-waist-wide-leg-cargo-pants/black/womens-high-waist-wide-leg-cargo-pants-black-8.webp,FALSE,,,,,,,,,,,,,,,,
,womens-high-waist-wide-leg-cargo-pants,,,,,,,,WHWCP-DARK-12,810221393597,,L,,,Dark Brown,,,,,52.00,,,TRUE,,,,,,shopify,3,DENY,,g,TRUE,manual,,,,https://d3o8u8o2i2q94t.cloudfront.net/products/womens-high-waist-wide-leg-cargo-pants/dark-brown/womens-high-waist-wide-leg-cargo-pants-dark-brown-4.webp,FALSE,,,,,,,,,,,,,,,,
,womens-high-waist-wide-leg-cargo-pants,,,,,,,,WHWCP-GREE-12,810221390336,,L,,,Green,,,,,52.00,,,TRUE,,,,,,shopify,1,DENY,,g,TRUE,manual,,,,https://d3o8u8o2i2q94t.cloudfront.net/products/womens-high-waist-wide-leg-cargo-pants/green/womens-high-waist-wide-leg-cargo-pants-green-5.webp,FALSE,,,,,,,,,,,,,,,,
,womens-high-waist-wide-leg-cargo-pants,,,,,,,,WHWCP-BLAC-14,810221390398,,XL,,,Black,,,,,52.00,,,TRUE,,,,,,shopify,4,DENY,,g,TRUE,manual,,,,https://d3o8u8o2i2q94t.cloudfront.net/products/womens-high-waist-wide-leg-cargo-pants/black/womens-high-waist-wide-leg-cargo-pants-black-8.webp,FALSE,,,,,,,,,,,,,,,,
,womens-high-waist-wide-leg-cargo-pants,,,,,,,,WHWCP-DARK-14,810221393603,,XL,,,Dark Brown,,,,,52.00,,,TRUE,,,,,,shopify,2,DENY,,g,TRUE,manual,,,,https://d3o8u8o2i2q94t.cloudfront.net/products/womens-high-waist-wide-leg-cargo-pants/dark-brown/womens-high-waist-wide-leg-cargo-pants-dark-brown-4.webp,FALSE,,,,,,,,,,,,,,,,
,womens-high-waist-wide-leg-cargo-pants,,,,,,,,WHWCP-GREE-14,810221390343,,XL,,,Green,,,,,52.00,,,TRUE,,,,,,shopify,0,DENY,,g,TRUE,manual,,,,https://d3o8u8o2i2q94t.cloudfront.net/products/womens-high-waist-wide-leg-cargo-pants/green/womens-high-waist-wide-leg-cargo-pants-green-5.webp,FALSE,,,,,,,,,,,,,,,,
,womens-high-waist-wide-leg-cargo-pants,,,,,,,,WHWCP-BLAC-6,810221390350,,26,,,Black,,,,,52.00,,,TRUE,,,,,,shopify,0,DENY,,g,TRUE,manual,,,,https://d3o8u8o2i2q94t.cloudfront.net/products/womens-high-waist-wide-leg-cargo-pants/black/womens-high-waist-wide-leg-cargo-pants-black-8.webp,FALSE,,,,,,,,,,,,,,,,
,womens-high-waist-wide-leg-cargo-pants,,,,,,,,WHWCP-DARK-6,810221393566,,26,,,Dark Brown,,,,,52.00,,,TRUE,,,,,,shopify,0,DENY,,g,TRUE,manual,,,,https://d3o8u8o2i2q94t.cloudfront.net/products/womens-high-waist-wide-leg-cargo-pants/dark-brown/womens-high-waist-wide-leg-cargo-pants-dark-brown-4.webp,FALSE,,,,,,,,,,,,,,,,
,womens-high-waist-wide-leg-cargo-pants,,,,,,,,WHWCP-GREE-6,810221390305,,26,,,Green,,,,,52.00,,,TRUE,,,,,,shopify,0,DENY,,g,TRUE,manual,,,,https://d3o8u8o2i2q94t.cloudfront.net/products/womens-high-waist-wide-leg-cargo-pants/green/womens-high-waist-wide-leg-cargo-pants-green-5.webp,FALSE,,,,,,,,,,,,,,,,
,womens-high-waist-wide-leg-cargo-pants,,,,,,,,,,,,,,,,,,,,,,,,,,,,,,,,,,,https://d3o8u8o2i2q94t.cloudfront.net/products/womens-high-waist-wide-leg-cargo-pants/black/womens-high-waist-wide-leg-cargo-pants-black-7.webp,2,Women's High-Waist Wide-Leg Cargo Pants - view 2,,,,,,,,,,,,,,,,,,
,womens-high-waist-wide-leg-cargo-pants,,,,,,,,,,,,,,,,,,,,,,,,,,,,,,,,,,,https://d3o8u8o2i2q94t.cloudfront.net/products/womens-high-waist-wide-leg-cargo-pants/black/womens-high-waist-wide-leg-cargo-pants-black-9.webp,3,Women's High-Waist Wide-Leg Cargo Pants - view 3,,,,,,,,,,,,,,,,,,
,womens-high-waist-wide-leg-cargo-pants,,,,,,,,,,,,,,,,,,,,,,,,,,,,,,,,,,,https://d3o8u8o2i2q94t.cloudfront.net/products/womens-high-waist-wide-leg-cargo-pants/black/womens-high-waist-wide-leg-cargo-pants-black-10.webp,4,Women's High-Waist Wide-Leg Cargo Pants - view 4,,,,,,,,,,,,,,,,,,
,womens-high-waist-wide-leg-cargo-pants,,,,,,,,,,,,,,,,,,,,,,,,,,,,,,,,,,,https://d3o8u8o2i2q94t.cloudfront.net/products/womens-high-waist-wide-leg-cargo-pants/black/womens-high-waist-wide-leg-cargo-pants-black-11.webp,5,Women's High-Waist Wide-Leg Cargo Pants - view 5,,,,,,,,,,,,,,,,,,
,womens-high-waist-wide-leg-cargo-pants,,,,,,,,,,,,,,,,,,,,,,,,,,,,,,,,,,,https://d3o8u8o2i2q94t.cloudfront.net/products/womens-high-waist-wide-leg-cargo-pants/black/womens-high-waist-wide-leg-cargo-pants-black-12.webp,6,Women's High-Waist Wide-Leg Cargo Pants - view 6,,,,,,,,,,,,,,,,,,
,womens-high-waist-wide-leg-cargo-pants,,,,,,,,,,,,,,,,,,,,,,,,,,,,,,,,,,,https://d3o8u8o2i2q94t.cloudfront.net/products/womens-high-waist-wide-leg-cargo-pants/black/womens-high-waist-wide-leg-cargo-pants-black-1.webp,7,Women's High-Waist Wide-Leg Cargo Pants - view 7,,,,,,,,,,,,,,,,,,
,womens-high-waist-wide-leg-cargo-pants,,,,,,,,,,,,,,,,,,,,,,,,,,,,,,,,,,,https://d3o8u8o2i2q94t.cloudfront.net/products/womens-high-waist-wide-leg-cargo-pants/black/womens-high-waist-wide-leg-cargo-pants-black-2.webp,8,Women's High-Waist Wide-Leg Cargo Pants - view 8,,,,,,,,,,,,,,,,,,
,womens-high-waist-wide-leg-cargo-pants,,,,,,,,,,,,,,,,,,,,,,,,,,,,,,,,,,,https://d3o8u8o2i2q94t.cloudfront.net/products/womens-high-waist-wide-leg-cargo-pants/black/womens-high-waist-wide-leg-cargo-pants-black-3.webp,9,Women's High-Waist Wide-Leg Cargo Pants - view 9,,,,,,,,,,,,,,,,,,
,womens-high-waist-wide-leg-cargo-pants,,,,,,,,,,,,,,,,,,,,,,,,,,,,,,,,,,,https://d3o8u8o2i2q94t.cloudfront.net/products/womens-high-waist-wide-leg-cargo-pants/dark-brown/womens-high-waist-wide-leg-cargo-pants-dark-brown-4.webp,10,Women's High-Waist Wide-Leg Cargo Pants - view 10,,,,,,,,,,,,,,,,,,
,womens-high-waist-wide-leg-cargo-pants,,,,,,,,,,,,,,,,,,,,,,,,,,,,,,,,,,,https://d3o8u8o2i2q94t.cloudfront.net/products/womens-high-waist-wide-leg-cargo-pants/dark-brown/womens-high-waist-wide-leg-cargo-pants-dark-brown-2.webp,11,Women's High-Waist Wide-Leg Cargo Pants - view 11,,,,,,,,,,,,,,,,,,
,womens-high-waist-wide-leg-cargo-pants,,,,,,,,,,,,,,,,,,,,,,,,,,,,,,,,,,,https://d3o8u8o2i2q94t.cloudfront.net/products/womens-high-waist-wide-leg-cargo-pants/dark-brown/womens-high-waist-wide-leg-cargo-pants-dark-brown-5.webp,12,Women's High-Waist Wide-Leg Cargo Pants - view 12,,,,,,,,,,,,,,,,,,
,womens-high-waist-wide-leg-cargo-pants,,,,,,,,,,,,,,,,,,,,,,,,,,,,,,,,,,,https://d3o8u8o2i2q94t.cloudfront.net/products/womens-high-waist-wide-leg-cargo-pants/dark-brown/womens-high-waist-wide-leg-cargo-pants-dark-brown-8.webp,13,Women's High-Waist Wide-Leg Cargo Pants - view 13,,,,,,,,,,,,,,,,,,
,womens-high-waist-wide-leg-cargo-pants,,,,,,,,,,,,,,,,,,,,,,,,,,,,,,,,,,,https://d3o8u8o2i2q94t.cloudfront.net/products/womens-high-waist-wide-leg-cargo-pants/dark-brown/womens-high-waist-wide-leg-cargo-pants-dark-brown-6.webp,14,Women's High-Waist Wide-Leg Cargo Pants - view 14,,,,,,,,,,,,,,,,,,
,womens-high-waist-wide-leg-cargo-pants,,,,,,,,,,,,,,,,,,,,,,,,,,,,,,,,,,,https://d3o8u8o2i2q94t.cloudfront.net/products/womens-high-waist-wide-leg-cargo-pants/dark-brown/womens-high-waist-wide-leg-cargo-pants-dark-brown-1.webp,15,Women's High-Waist Wide-Leg Cargo Pants - view 15,,,,,,,,,,,,,,,,,,
,womens-high-waist-wide-leg-cargo-pants,,,,,,,,,,,,,,,,,,,,,,,,,,,,,,,,,,,https://d3o8u8o2i2q94t.cloudfront.net/products/womens-high-waist-wide-leg-cargo-pants/green/womens-high-waist-wide-leg-cargo-pants-green-5.webp,16,Women's High-Waist Wide-Leg Cargo Pants - view 16,,,,,,,,,,,,,,,,,,
,womens-high-waist-wide-leg-cargo-pants,,,,,,,,,,,,,,,,,,,,,,,,,,,,,,,,,,,https://d3o8u8o2i2q94t.cloudfront.net/products/womens-high-waist-wide-leg-cargo-pants/green/womens-high-waist-wide-leg-cargo-pants-green-4.webp,17,Women's High-Waist Wide-Leg Cargo Pants - view 17,,,,,,,,,,,,,,,,,,
,womens-high-waist-wide-leg-cargo-pants,,,,,,,,,,,,,,,,,,,,,,,,,,,,,,,,,,,https://d3o8u8o2i2q94t.cloudfront.net/products/womens-high-waist-wide-leg-cargo-pants/green/womens-high-waist-wide-leg-cargo-pants-green-6.webp,18,Women's High-Waist Wide-Leg Cargo Pants - view 18,,,,,,,,,,,,,,,,,,
,womens-high-waist-wide-leg-cargo-pants,,,,,,,,,,,,,,,,,,,,,,,,,,,,,,,,,,,https://d3o8u8o2i2q94t.cloudfront.net/products/womens-high-waist-wide-leg-cargo-pants/green/womens-high-waist-wide-leg-cargo-pants-green-8.webp,19,Women's High-Waist Wide-Leg Cargo Pants - view 19,,,,,,,,,,,,,,,,,,
,womens-high-waist-wide-leg-cargo-pants,,,,,,,,,,,,,,,,,,,,,,,,,,,,,,,,,,,https://d3o8u8o2i2q94t.cloudfront.net/products/womens-high-waist-wide-leg-cargo-pants/green/womens-high-waist-wide-leg-cargo-pants-green-9.webp,20,Women's High-Waist Wide-Leg Cargo Pants - view 20,,,,,,,,,,,,,,,,,,
,womens-high-waist-wide-leg-cargo-pants,,,,,,,,,,,,,,,,,,,,,,,,,,,,,,,,,,,https://d3o8u8o2i2q94t.cloudfront.net/products/womens-high-waist-wide-leg-cargo-pants/green/womens-high-waist-wide-leg-cargo-pants-green-1.webp,21,Women's High-Waist Wide-Leg Cargo Pants - view 21,,,,,,,,,,,,,,,,,,
,womens-high-waist-wide-leg-cargo-pants,,,,,,,,,,,,,,,,,,,,,,,,,,,,,,,,,,,https://d3o8u8o2i2q94t.cloudfront.net/products/womens-high-waist-wide-leg-cargo-pants/green/womens-high-waist-wide-leg-cargo-pants-green-3.webp,22,Women's High-Waist Wide-Leg Cargo Pants - view 22,,,,,,,,,,,,,,,,,,
,womens-high-waist-wide-leg-cargo-pants,,,,,,,,,,,,,,,,,,,,,,,,,,,,,,,,,,,https://d3o8u8o2i2q94t.cloudfront.net/products/womens-high-waist-wide-leg-cargo-pants/green/womens-high-waist-wide-leg-cargo-pants-green-2.webp,23,Women's High-Waist Wide-Leg Cargo Pants - view 23,,,,,,,,,,,,,,,,,,
Women's High-Waisted Bootcut Flare Jeans,womens-high-waisted-bootcut-flare-jeans,"A retro-inspired silhouette reimagined for everyday wear, these flare jeans deliver effortless cool with a flattering elongating leg line. Cut from a soft, stretchy denim that moves with you, the relaxed shape skims the body before opening into a clean flare from the knee. Pair with heels for a leg-lengthening look or sneakers for laid-back weekend ease.",Solomon & Sage,Apparel & Accessories > Clothing,Jeans,"women, jeans",TRUE,active,WHBFJ-BLUE-34,810221390046,Size,XL,,Color,Blue Wash,,,,,55.00,,,TRUE,,,,,,shopify,2,DENY,,g,TRUE,manual,https://d3o8u8o2i2q94t.cloudfront.net/products/womens-high-waisted-bootcut-flare-jeans/blue-wash/womens-high-waisted-bootcut-flare-jeans-blue-wash-6.webp,1,Women's High-Waisted Bootcut Flare Jeans,https://d3o8u8o2i2q94t.cloudfront.net/products/womens-high-waisted-bootcut-flare-jeans/blue-wash/womens-high-waisted-bootcut-flare-jeans-blue-wash-6.webp,FALSE,Women's High-Waisted Bootcut Flare Jeans | Solomon & Sage,"A retro-inspired silhouette reimagined for everyday wear, these flare jeans deliver effortless cool with a flattering elongating leg line. Cut from a soft, stre",Blue Wash,Apparel & Accessories > Clothing,,,,,,new,,,,,,
,womens-high-waisted-bootcut-flare-jeans,,,,,,,,WHBFJ-BLUE-26,810221390008,,26,,,Blue Wash,,,,,55.00,,,TRUE,,,,,,shopify,2,DENY,,g,TRUE,manual,,,,https://d3o8u8o2i2q94t.cloudfront.net/products/womens-high-waisted-bootcut-flare-jeans/blue-wash/womens-high-waisted-bootcut-flare-jeans-blue-wash-6.webp,FALSE,,,,,,,,,,,,,,,,
,womens-high-waisted-bootcut-flare-jeans,,,,,,,,WHBFJ-BLUE-28,810221390022,,28,,,Blue Wash,,,,,55.00,,,TRUE,,,,,,shopify,9,DENY,,g,TRUE,manual,,,,https://d3o8u8o2i2q94t.cloudfront.net/products/womens-high-waisted-bootcut-flare-jeans/blue-wash/womens-high-waisted-bootcut-flare-jeans-blue-wash-6.webp,FALSE,,,,,,,,,,,,,,,,
,womens-high-waisted-bootcut-flare-jeans,,,,,,,,WHBFJ-BLUE-30,810221390015,,30,,,Blue Wash,,,,,55.00,,,TRUE,,,,,,shopify,1,DENY,,g,TRUE,manual,,,,https://d3o8u8o2i2q94t.cloudfront.net/products/womens-high-waisted-bootcut-flare-jeans/blue-wash/womens-high-waisted-bootcut-flare-jeans-blue-wash-6.webp,FALSE,,,,,,,,,,,,,,,,
,womens-high-waisted-bootcut-flare-jeans,,,,,,,,WHBFJ-BLUE-32,810221390039,,32,,,Blue Wash,,,,,55.00,,,TRUE,,,,,,shopify,5,DENY,,g,TRUE,manual,,,,https://d3o8u8o2i2q94t.cloudfront.net/products/womens-high-waisted-bootcut-flare-jeans/blue-wash/womens-high-waisted-bootcut-flare-jeans-blue-wash-6.webp,FALSE,,,,,,,,,,,,,,,,
,womens-high-waisted-bootcut-flare-jeans,,,,,,,,,,,,,,,,,,,,,,,,,,,,,,,,,,,https://d3o8u8o2i2q94t.cloudfront.net/products/womens-high-waisted-bootcut-flare-jeans/blue-wash/womens-high-waisted-bootcut-flare-jeans-blue-wash-5.webp,2,Women's High-Waisted Bootcut Flare Jeans - view 2,,,,,,,,,,,,,,,,,,
,womens-high-waisted-bootcut-flare-jeans,,,,,,,,,,,,,,,,,,,,,,,,,,,,,,,,,,,https://d3o8u8o2i2q94t.cloudfront.net/products/womens-high-waisted-bootcut-flare-jeans/blue-wash/womens-high-waisted-bootcut-flare-jeans-blue-wash-4.webp,3,Women's High-Waisted Bootcut Flare Jeans - view 3,,,,,,,,,,,,,,,,,,
,womens-high-waisted-bootcut-flare-jeans,,,,,,,,,,,,,,,,,,,,,,,,,,,,,,,,,,,https://d3o8u8o2i2q94t.cloudfront.net/products/womens-high-waisted-bootcut-flare-jeans/blue-wash/womens-high-waisted-bootcut-flare-jeans-blue-wash-8.webp,4,Women's High-Waisted Bootcut Flare Jeans - view 4,,,,,,,,,,,,,,,,,,
,womens-high-waisted-bootcut-flare-jeans,,,,,,,,,,,,,,,,,,,,,,,,,,,,,,,,,,,https://d3o8u8o2i2q94t.cloudfront.net/products/womens-high-waisted-bootcut-flare-jeans/blue-wash/womens-high-waisted-bootcut-flare-jeans-blue-wash-7.webp,5,Women's High-Waisted Bootcut Flare Jeans - view 5,,,,,,,,,,,,,,,,,,
,womens-high-waisted-bootcut-flare-jeans,,,,,,,,,,,,,,,,,,,,,,,,,,,,,,,,,,,https://d3o8u8o2i2q94t.cloudfront.net/products/womens-high-waisted-bootcut-flare-jeans/blue-wash/womens-high-waisted-bootcut-flare-jeans-blue-wash-1.webp,6,Women's High-Waisted Bootcut Flare Jeans - view 6,,,,,,,,,,,,,,,,,,
,womens-high-waisted-bootcut-flare-jeans,,,,,,,,,,,,,,,,,,,,,,,,,,,,,,,,,,,https://d3o8u8o2i2q94t.cloudfront.net/products/womens-high-waisted-bootcut-flare-jeans/blue-wash/womens-high-waisted-bootcut-flare-jeans-blue-wash-2.webp,7,Women's High-Waisted Bootcut Flare Jeans - view 7,,,,,,,,,,,,,,,,,,
,womens-high-waisted-bootcut-flare-jeans,,,,,,,,,,,,,,,,,,,,,,,,,,,,,,,,,,,https://d3o8u8o2i2q94t.cloudfront.net/products/womens-high-waisted-bootcut-flare-jeans/blue-wash/womens-high-waisted-bootcut-flare-jeans-blue-wash-3.webp,8,Women's High-Waisted Bootcut Flare Jeans - view 8,,,,,,,,,,,,,,,,,,
Women's High-Waisted Straight Leg Jeans,womens-high-waisted-straight-leg-jeans,"Designed for everyday comfort, these classic high-waisted straight leg jeans in a versatile light wash. Crafted from comfortable cotton-blend fabric with a touch of stretch for all-day wear, these timeless jeans feature a flattering high rise and clean straight leg silhouette. Perfect for pairing with everything from casual tees to bring togetherd blouses.",Solomon & Sage,Apparel & Accessories > Clothing,Jeans,"women, jeans",TRUE,active,WHSLJ,,Size,XS,,Color,Light Wash,,,,,54.00,,,TRUE,,,,,,shopify,3,DENY,,g,TRUE,manual,https://d3o8u8o2i2q94t.cloudfront.net/products/1779878358141-a6352d33-46e3-4fef-81b4-2684e3621b4c.webp,1,Women's High-Waisted Straight Leg Jeans,https://d3o8u8o2i2q94t.cloudfront.net/products/womens-high-waisted-straight-leg-jeans/light-wash/womens-high-waisted-straight-leg-jeans-light-wash-1.webp,FALSE,Women's High-Waisted Straight Leg Jeans | Solomon & Sage,"Designed for everyday comfort, these classic high-waisted straight leg jeans in a versatile light wash. Crafted from comfortable cotton-blend fabric with a touc",Light Wash,Apparel & Accessories > Clothing,,,,,,new,,,,,,
,womens-high-waisted-straight-leg-jeans,,,,,,,,WHSLJ-LIGH-34,810221390299,,XL,,,Light Wash,,,,,54.00,,,TRUE,,,,,,shopify,1,DENY,,g,TRUE,manual,,,,https://d3o8u8o2i2q94t.cloudfront.net/products/womens-high-waisted-straight-leg-jeans/light-wash/womens-high-waisted-straight-leg-jeans-light-wash-3.webp,FALSE,,,,,,,,,,,,,,,,
,womens-high-waisted-straight-leg-jeans,,,,,,,,WHSLJ-LIGH-26,810221390251,,26,,,Light Wash,,,,,54.00,,,TRUE,,,,,,shopify,3,DENY,,g,TRUE,manual,,,,https://d3o8u8o2i2q94t.cloudfront.net/products/womens-high-waisted-straight-leg-jeans/light-wash/womens-high-waisted-straight-leg-jeans-light-wash-3.webp,FALSE,,,,,,,,,,,,,,,,
,womens-high-waisted-straight-leg-jeans,,,,,,,,WHSLJ-LIGH-28,810221390275,,28,,,Light Wash,,,,,54.00,,,TRUE,,,,,,shopify,3,DENY,,g,TRUE,manual,,,,https://d3o8u8o2i2q94t.cloudfront.net/products/womens-high-waisted-straight-leg-jeans/light-wash/womens-high-waisted-straight-leg-jeans-light-wash-3.webp,FALSE,,,,,,,,,,,,,,,,
,womens-high-waisted-straight-leg-jeans,,,,,,,,WHSLJ-LIGH-30,810221394129,,30,,,Light Wash,,,,,54.00,,,TRUE,,,,,,shopify,3,DENY,,g,TRUE,manual,,,,https://d3o8u8o2i2q94t.cloudfront.net/products/womens-high-waisted-straight-leg-jeans/light-wash/womens-high-waisted-straight-leg-jeans-light-wash-3.webp,FALSE,,,,,,,,,,,,,,,,
,womens-high-waisted-straight-leg-jeans,,,,,,,,WHSLJ-LIGH-32,810221394136,,32,,,Light Wash,,,,,54.00,,,TRUE,,,,,,shopify,3,DENY,,g,TRUE,manual,,,,https://d3o8u8o2i2q94t.cloudfront.net/products/womens-high-waisted-straight-leg-jeans/light-wash/womens-high-waisted-straight-leg-jeans-light-wash-3.webp,FALSE,,,,,,,,,,,,,,,,
,womens-high-waisted-straight-leg-jeans,,,,,,,,,,,,,,,,,,,,,,,,,,,,,,,,,,,https://d3o8u8o2i2q94t.cloudfront.net/products/1779878361985-cc70efbc-7194-49be-8fbc-926c0ace4a60.webp,2,Women's High-Waisted Straight Leg Jeans - view 2,,,,,,,,,,,,,,,,,,
,womens-high-waisted-straight-leg-jeans,,,,,,,,,,,,,,,,,,,,,,,,,,,,,,,,,,,https://d3o8u8o2i2q94t.cloudfront.net/products/1779878364819-d000fd8f-5e74-4ed8-9fdd-b97d7af350b6.webp,3,Women's High-Waisted Straight Leg Jeans - view 3,,,,,,,,,,,,,,,,,,
,womens-high-waisted-straight-leg-jeans,,,,,,,,,,,,,,,,,,,,,,,,,,,,,,,,,,,https://d3o8u8o2i2q94t.cloudfront.net/products/1779878367925-2fda4a18-255b-4a89-bc27-820514573207.webp,4,Women's High-Waisted Straight Leg Jeans - view 4,,,,,,,,,,,,,,,,,,
,womens-high-waisted-straight-leg-jeans,,,,,,,,,,,,,,,,,,,,,,,,,,,,,,,,,,,https://d3o8u8o2i2q94t.cloudfront.net/products/womens-high-waisted-straight-leg-jeans/light-wash/womens-high-waisted-straight-leg-jeans-light-wash-1.webp,5,Women's High-Waisted Straight Leg Jeans - view 5,,,,,,,,,,,,,,,,,,
,womens-high-waisted-straight-leg-jeans,,,,,,,,,,,,,,,,,,,,,,,,,,,,,,,,,,,https://d3o8u8o2i2q94t.cloudfront.net/products/womens-high-waisted-straight-leg-jeans/light-wash/womens-high-waisted-straight-leg-jeans-light-wash-2.webp,6,Women's High-Waisted Straight Leg Jeans - view 6,,,,,,,,,,,,,,,,,,
Women's Long Sleeve Cotton Button-Up Shirt,womens-long-sleeve-cotton-button-up-shirt,"A timeless wardrobe essential, this crisp white cotton button-up shirt offers effortless sophistication for any occasion. Crafted from 100% breathable cotton in a classic relaxed fit, this versatile piece features a pointed collar, full button-front closure, and a curved shirttail hem that looks polished tucked or untucked.",Solomon & Sage,Apparel & Accessories > Clothing,Tops,"women, tops",TRUE,active,SHIRT-WHIT-XS,,Size,XS,,Color,White,,,,,61.00,,,TRUE,,,,,,shopify,0,DENY,,g,TRUE,manual,https://d3o8u8o2i2q94t.cloudfront.net/products/womens-long-sleeve-cotton-button-up-shirt/white/womens-long-sleeve-cotton-button-up-shirt-white-5.webp,1,Women's Long Sleeve Cotton Button-Up Shirt,https://d3o8u8o2i2q94t.cloudfront.net/products/womens-long-sleeve-cotton-button-up-shirt/white/womens-long-sleeve-cotton-button-up-shirt-white-5.webp,FALSE,Women's Long Sleeve Cotton Button-Up Shirt | Solomon & Sage,"A timeless wardrobe essential, this crisp white cotton button-up shirt offers effortless sophistication for any occasion. Crafted from 100% breathable cotton in",White,Apparel & Accessories > Clothing,,,,,,new,,,,,,
,womens-long-sleeve-cotton-button-up-shirt,,,,,,,,WLSCBS-WHIT-S,810221391210,,S,,,White,,,,,61.00,,,TRUE,,,,,,shopify,3,DENY,,g,TRUE,manual,,,,https://d3o8u8o2i2q94t.cloudfront.net/products/womens-long-sleeve-cotton-button-up-shirt/white/womens-long-sleeve-cotton-button-up-shirt-white-5.webp,FALSE,,,,,,,,,,,,,,,,
,womens-long-sleeve-cotton-button-up-shirt,,,,,,,,WLSCBS-WHIT-M,810221391227,,M,,,White,,,,,61.00,,,TRUE,,,,,,shopify,6,DENY,,g,TRUE,manual,,,,https://d3o8u8o2i2q94t.cloudfront.net/products/womens-long-sleeve-cotton-button-up-shirt/white/womens-long-sleeve-cotton-button-up-shirt-white-5.webp,FALSE,,,,,,,,,,,,,,,,
,womens-long-sleeve-cotton-button-up-shirt,,,,,,,,WLSCBS-WHIT-L,810221391234,,L,,,White,,,,,61.00,,,TRUE,,,,,,shopify,6,DENY,,g,TRUE,manual,,,,https://d3o8u8o2i2q94t.cloudfront.net/products/womens-long-sleeve-cotton-button-up-shirt/white/womens-long-sleeve-cotton-button-up-shirt-white-5.webp,FALSE,,,,,,,,,,,,,,,,
,womens-long-sleeve-cotton-button-up-shirt,,,,,,,,WLSCBS-WHIT-XL,810221391241,,XL,,,White,,,,,61.00,,,TRUE,,,,,,shopify,0,DENY,,g,TRUE,manual,,,,https://d3o8u8o2i2q94t.cloudfront.net/products/womens-long-sleeve-cotton-button-up-shirt/white/womens-long-sleeve-cotton-button-up-shirt-white-5.webp,FALSE,,,,,,,,,,,,,,,,
,womens-long-sleeve-cotton-button-up-shirt,,,,,,,,,,,,,,,,,,,,,,,,,,,,,,,,,,,https://d3o8u8o2i2q94t.cloudfront.net/products/womens-long-sleeve-cotton-button-up-shirt/white/womens-long-sleeve-cotton-button-up-shirt-white-4.webp,2,Women's Long Sleeve Cotton Button-Up Shirt - view 2,,,,,,,,,,,,,,,,,,
,womens-long-sleeve-cotton-button-up-shirt,,,,,,,,,,,,,,,,,,,,,,,,,,,,,,,,,,,https://d3o8u8o2i2q94t.cloudfront.net/products/womens-long-sleeve-cotton-button-up-shirt/white/womens-long-sleeve-cotton-button-up-shirt-white-10.webp,3,Women's Long Sleeve Cotton Button-Up Shirt - view 3,,,,,,,,,,,,,,,,,,
,womens-long-sleeve-cotton-button-up-shirt,,,,,,,,,,,,,,,,,,,,,,,,,,,,,,,,,,,https://d3o8u8o2i2q94t.cloudfront.net/products/womens-long-sleeve-cotton-button-up-shirt/white/womens-long-sleeve-cotton-button-up-shirt-white-6.webp,4,Women's Long Sleeve Cotton Button-Up Shirt - view 4,,,,,,,,,,,,,,,,,,
,womens-long-sleeve-cotton-button-up-shirt,,,,,,,,,,,,,,,,,,,,,,,,,,,,,,,,,,,https://d3o8u8o2i2q94t.cloudfront.net/products/womens-long-sleeve-cotton-button-up-shirt/white/womens-long-sleeve-cotton-button-up-shirt-white-1.webp,5,Women's Long Sleeve Cotton Button-Up Shirt - view 5,,,,,,,,,,,,,,,,,,
,womens-long-sleeve-cotton-button-up-shirt,,,,,,,,,,,,,,,,,,,,,,,,,,,,,,,,,,,https://d3o8u8o2i2q94t.cloudfront.net/products/womens-long-sleeve-cotton-button-up-shirt/white/womens-long-sleeve-cotton-button-up-shirt-white-3.webp,6,Women's Long Sleeve Cotton Button-Up Shirt - view 6,,,,,,,,,,,,,,,,,,
,womens-long-sleeve-cotton-button-up-shirt,,,,,,,,,,,,,,,,,,,,,,,,,,,,,,,,,,,https://d3o8u8o2i2q94t.cloudfront.net/products/womens-long-sleeve-cotton-button-up-shirt/white/womens-long-sleeve-cotton-button-up-shirt-white-2.webp,7,Women's Long Sleeve Cotton Button-Up Shirt - view 7,,,,,,,,,,,,,,,,,,
Women's Mid-Rise Stretch Denim Shorts,womens-mid-rise-stretch-denim-shorts,"Effortlessly stylish mid-rise denim shorts crafted from stretch cotton for all-day comfort. These light blue wash shorts feature a classic five-pocket design with a flattering mid-thigh length, perfect for warm-weather styling. The subtle fading and whiskering add authentic vintage appeal to this wardrobe essential.",Solomon & Sage,Apparel & Accessories > Clothing,Jeans,"women, jeans",TRUE,active,WMSDS-LIGH-34,810221390244,Size,XXL,,Color,Light Blue Wash,,,,,52.00,,,TRUE,,,,,,shopify,0,DENY,,g,TRUE,manual,https://d3o8u8o2i2q94t.cloudfront.net/products/womens-mid-rise-stretch-denim-shorts/light-blue-wash/womens-mid-rise-stretch-denim-shorts-light-blue-wash-4.webp,1,Women's Mid-Rise Stretch Denim Shorts,https://d3o8u8o2i2q94t.cloudfront.net/products/womens-mid-rise-stretch-denim-shorts/light-blue-wash/womens-mid-rise-stretch-denim-shorts-light-blue-wash-4.webp,FALSE,Women's Mid-Rise Stretch Denim Shorts | Solomon & Sage,Effortlessly stylish mid-rise denim shorts crafted from stretch cotton for all-day comfort. These light blue wash shorts feature a classic five-pocket design wi,Light Blue Wash,Apparel & Accessories > Clothing,,,,,,new,,,,,,
,womens-mid-rise-stretch-denim-shorts,,,,,,,,WMSDS-LIGH-26,810221390206,,26,,,Light Blue Wash,,,,,52.00,,,TRUE,,,,,,shopify,0,DENY,,g,TRUE,manual,,,,https://d3o8u8o2i2q94t.cloudfront.net/products/womens-mid-rise-stretch-denim-shorts/light-blue-wash/womens-mid-rise-stretch-denim-shorts-light-blue-wash-4.webp,FALSE,,,,,,,,,,,,,,,,
,womens-mid-rise-stretch-denim-shorts,,,,,,,,WMSDS-LIGH-28,810221390220,,28,,,Light Blue Wash,,,,,52.00,,,TRUE,,,,,,shopify,0,DENY,,g,TRUE,manual,,,,https://d3o8u8o2i2q94t.cloudfront.net/products/womens-mid-rise-stretch-denim-shorts/light-blue-wash/womens-mid-rise-stretch-denim-shorts-light-blue-wash-4.webp,FALSE,,,,,,,,,,,,,,,,
,womens-mid-rise-stretch-denim-shorts,,,,,,,,WMSDS-LIGH-30,810221390213,,30,,,Light Blue Wash,,,,,52.00,,,TRUE,,,,,,shopify,0,DENY,,g,TRUE,manual,,,,https://d3o8u8o2i2q94t.cloudfront.net/products/womens-mid-rise-stretch-denim-shorts/light-blue-wash/womens-mid-rise-stretch-denim-shorts-light-blue-wash-4.webp,FALSE,,,,,,,,,,,,,,,,
,womens-mid-rise-stretch-denim-shorts,,,,,,,,WMSDS-LIGH-32,810221390237,,32,,,Light Blue Wash,,,,,52.00,,,TRUE,,,,,,shopify,0,DENY,,g,TRUE,manual,,,,https://d3o8u8o2i2q94t.cloudfront.net/products/womens-mid-rise-stretch-denim-shorts/light-blue-wash/womens-mid-rise-stretch-denim-shorts-light-blue-wash-4.webp,FALSE,,,,,,,,,,,,,,,,
,womens-mid-rise-stretch-denim-shorts,,,,,,,,,,,,,,,,,,,,,,,,,,,,,,,,,,,https://d3o8u8o2i2q94t.cloudfront.net/products/womens-mid-rise-stretch-denim-shorts/light-blue-wash/womens-mid-rise-stretch-denim-shorts-light-blue-wash-5.webp,2,Women's Mid-Rise Stretch Denim Shorts - view 2,,,,,,,,,,,,,,,,,,
,womens-mid-rise-stretch-denim-shorts,,,,,,,,,,,,,,,,,,,,,,,,,,,,,,,,,,,https://d3o8u8o2i2q94t.cloudfront.net/products/womens-mid-rise-stretch-denim-shorts/light-blue-wash/womens-mid-rise-stretch-denim-shorts-light-blue-wash-6.webp,3,Women's Mid-Rise Stretch Denim Shorts - view 3,,,,,,,,,,,,,,,,,,
,womens-mid-rise-stretch-denim-shorts,,,,,,,,,,,,,,,,,,,,,,,,,,,,,,,,,,,https://d3o8u8o2i2q94t.cloudfront.net/products/womens-mid-rise-stretch-denim-shorts/light-blue-wash/womens-mid-rise-stretch-denim-shorts-light-blue-wash-8.webp,4,Women's Mid-Rise Stretch Denim Shorts - view 4,,,,,,,,,,,,,,,,,,
,womens-mid-rise-stretch-denim-shorts,,,,,,,,,,,,,,,,,,,,,,,,,,,,,,,,,,,https://d3o8u8o2i2q94t.cloudfront.net/products/womens-mid-rise-stretch-denim-shorts/light-blue-wash/womens-mid-rise-stretch-denim-shorts-light-blue-wash-7.webp,5,Women's Mid-Rise Stretch Denim Shorts - view 5,,,,,,,,,,,,,,,,,,
,womens-mid-rise-stretch-denim-shorts,,,,,,,,,,,,,,,,,,,,,,,,,,,,,,,,,,,https://d3o8u8o2i2q94t.cloudfront.net/products/womens-mid-rise-stretch-denim-shorts/light-blue-wash/womens-mid-rise-stretch-denim-shorts-light-blue-wash-2.webp,6,Women's Mid-Rise Stretch Denim Shorts - view 6,,,,,,,,,,,,,,,,,,
,womens-mid-rise-stretch-denim-shorts,,,,,,,,,,,,,,,,,,,,,,,,,,,,,,,,,,,https://d3o8u8o2i2q94t.cloudfront.net/products/womens-mid-rise-stretch-denim-shorts/light-blue-wash/womens-mid-rise-stretch-denim-shorts-light-blue-wash-3.webp,7,Women's Mid-Rise Stretch Denim Shorts - view 7,,,,,,,,,,,,,,,,,,
,womens-mid-rise-stretch-denim-shorts,,,,,,,,,,,,,,,,,,,,,,,,,,,,,,,,,,,https://d3o8u8o2i2q94t.cloudfront.net/products/womens-mid-rise-stretch-denim-shorts/light-blue-wash/womens-mid-rise-stretch-denim-shorts-light-blue-wash-1.webp,8,Women's Mid-Rise Stretch Denim Shorts - view 8,,,,,,,,,,,,,,,,,,
Women's Multi Color Handmade Crochet Bag,womens-multi-color-handmade-crochet-bag,"A handmade crochet tote bag bursting with bold multicolor crochet squares set against a crisp white crochet border. Every square is hand-crocheted with vibrant pops of blue, pink, yellow, green, and purple, creating a kaleidoscopic statement accessory. White braided rope handles add a clean, summery finish. A perfect everyday bag that brings artisan craftsmanship and color together.",Solomon & Sage,Apparel & Accessories > Clothing,Accessories,"bags, crochet, handbags, accessories",TRUE,active,SG-CRO-MLT-WMNS-004,810221393030,Size,One Size,,Color,Multi Color,,,,,85.00,,,TRUE,,,,,,shopify,0,DENY,,g,TRUE,manual,https://cdn.shopify.com/s/files/1/0655/2010/7769/files/Bag4.png,1,Women's Multi Color Handmade Crochet Bag,https://cdn.shopify.com/s/files/1/0655/2010/7769/files/Bag4.png,FALSE,Women's Multi Color Handmade Crochet Bag | Solomon & Sage,A handmade crochet tote bag bursting with bold multicolor crochet squares set against a crisp white crochet border. Every square is hand-crocheted with vibrant ,Multi Color,Apparel & Accessories > Clothing,,,,,,new,,,,,,
,womens-multi-color-handmade-crochet-bag,,,,,,,,,,,,,,,,,,,,,,,,,,,,,,,,,,,https://cdn.shopify.com/s/files/1/0655/2010/7769/files/1777798712260-442-1.png,2,Women's Multi Color Handmade Crochet Bag - view 2,,,,,,,,,,,,,,,,,,
,womens-multi-color-handmade-crochet-bag,,,,,,,,,,,,,,,,,,,,,,,,,,,,,,,,,,,https://cdn.shopify.com/s/files/1/0655/2010/7769/files/Bag12.png,3,Women's Multi Color Handmade Crochet Bag - view 3,,,,,,,,,,,,,,,,,,
,womens-multi-color-handmade-crochet-bag,,,,,,,,,,,,,,,,,,,,,,,,,,,,,,,,,,,https://cdn.shopify.com/s/files/1/0655/2010/7769/files/Bag3.png,4,Women's Multi Color Handmade Crochet Bag - view 4,,,,,,,,,,,,,,,,,,
Women's Multi Granny Square Handmade Crochet Bag,womens-multi-granny-square-handmade-crochet-bag,"A handmade crochet bag featuring a sophisticated neutral granny square pattern in beige, white, and black, elevated by polished top handles and gold-tone hardware. Each bag is individually crafted by hand with an open-work crochet stitch that creates delicate floral medallions across the face. A scalloped cream crochet trim adds a refined finishing touch. This structured handbag transitions effortlessly from casual to smart-casual occasions.",Solomon & Sage,Apparel & Accessories > Clothing,Accessories,"bags, crochet, handbags, accessories",TRUE,active,SG-CRO-BGE-SQBMB-005,810221393047,Size,One Size,,Color,Beige Multi,,,,,84.00,,,TRUE,,,,,,shopify,1,DENY,,g,TRUE,manual,https://cdn.shopify.com/s/files/1/0655/2010/7769/files/1_1.jpg,1,Women's Multi Granny Square Handmade Crochet Bag,https://cdn.shopify.com/s/files/1/0655/2010/7769/files/1_1.jpg,FALSE,Women's Multi Granny Square Handmade Crochet Bag | Solomon & Sage,"A handmade crochet bag featuring a sophisticated neutral granny square pattern in beige, white, and black, elevated by polished top handles and gold-tone hardwa",Beige Multi,Apparel & Accessories > Clothing,,,,,,new,,,,,,
,womens-multi-granny-square-handmade-crochet-bag,,,,,,,,,,,,,,,,,,,,,,,,,,,,,,,,,,,https://cdn.shopify.com/s/files/1/0655/2010/7769/files/2_264f3b53-cada-43fc-95b4-ac96549762ac.jpg,2,Women's Multi Granny Square Handmade Crochet Bag - view 2,,,,,,,,,,,,,,,,,,
,womens-multi-granny-square-handmade-crochet-bag,,,,,,,,,,,,,,,,,,,,,,,,,,,,,,,,,,,https://cdn.shopify.com/s/files/1/0655/2010/7769/files/3_3dc88bc2-5118-41d1-be83-15970ad5803c.jpg,3,Women's Multi Granny Square Handmade Crochet Bag - view 3,,,,,,,,,,,,,,,,,,
Women's Relax Crewneck Dropshoulder T-Shirt,womens-relax-crewneck-dropshoulder-t-shirt,"Effortlessly chic and endlessly comfortable, this relaxed crewneck t-shirt in soft cream cotton is your new wardrobe essential. Featuring a trendy drop shoulder design and oversized silhouette, this versatile tee pairs perfectly with everything from tailored trousers to casual denim for laid-back sophistication.",Solomon & Sage,Apparel & Accessories > Clothing,Tops,"women, tops",TRUE,active,TEE-CREA-XS,,Size,XS,,Color,Cream,,,,,43.00,,,TRUE,,,,,,shopify,4,DENY,,g,TRUE,manual,https://d3o8u8o2i2q94t.cloudfront.net/products/womens-relax-crewneck-dropshoulder-t-shirt/cream/womens-relax-crewneck-dropshoulder-t-shirt-cream-4.webp,1,Women's Relax Crewneck Dropshoulder T-Shirt,https://d3o8u8o2i2q94t.cloudfront.net/products/womens-relax-crewneck-dropshoulder-t-shirt/cream/womens-relax-crewneck-dropshoulder-t-shirt-cream-4.webp,FALSE,Women's Relax Crewneck Dropshoulder T-Shirt | Solomon & Sage,"Effortlessly chic and endlessly comfortable, this relaxed crewneck t-shirt in soft cream cotton is your new wardrobe essential. Featuring a trendy drop shoulder",Cream; Off White; Sand,Apparel & Accessories > Clothing,,,,,,new,,,,,,
,womens-relax-crewneck-dropshoulder-t-shirt,,,,,,,,TEE-OFFW-XS,,,XS,,,Off White,,,,,43.00,,,TRUE,,,,,,shopify,0,DENY,,g,TRUE,manual,,,,https://d3o8u8o2i2q94t.cloudfront.net/products/womens-relax-crewneck-dropshoulder-t-shirt/off-white/womens-relax-crewneck-dropshoulder-t-shirt-off-white-7.webp,FALSE,,,,,,,,,,,,,,,,
,womens-relax-crewneck-dropshoulder-t-shirt,,,,,,,,WRCDT-CREA-S,810221392101,,S,,,Cream,,,,,43.00,,,TRUE,,,,,,shopify,0,DENY,,g,TRUE,manual,,,,https://d3o8u8o2i2q94t.cloudfront.net/products/womens-relax-crewneck-dropshoulder-t-shirt/cream/womens-relax-crewneck-dropshoulder-t-shirt-cream-4.webp,FALSE,,,,,,,,,,,,,,,,
,womens-relax-crewneck-dropshoulder-t-shirt,,,,,,,,WRCDT-OFFW-S,810221392187,,S,,,Off White,,,,,43.00,,,TRUE,,,,,,shopify,0,DENY,,g,TRUE,manual,,,,https://d3o8u8o2i2q94t.cloudfront.net/products/womens-relax-crewneck-dropshoulder-t-shirt/off-white/womens-relax-crewneck-dropshoulder-t-shirt-off-white-7.webp,FALSE,,,,,,,,,,,,,,,,
,womens-relax-crewneck-dropshoulder-t-shirt,,,,,,,,WRCDT-SAND-S,810221392453,,S,,,Sand,,,,,43.00,,,TRUE,,,,,,shopify,0,DENY,,g,TRUE,manual,,,,https://cdn.shopify.com/s/files/1/0655/2010/7769/files/2O5A0124.png,FALSE,,,,,,,,,,,,,,,,
,womens-relax-crewneck-dropshoulder-t-shirt,,,,,,,,WRCDT-CREA-M,810221392156,,M,,,Cream,,,,,43.00,,,TRUE,,,,,,shopify,2,DENY,,g,TRUE,manual,,,,https://d3o8u8o2i2q94t.cloudfront.net/products/womens-relax-crewneck-dropshoulder-t-shirt/cream/womens-relax-crewneck-dropshoulder-t-shirt-cream-4.webp,FALSE,,,,,,,,,,,,,,,,
,womens-relax-crewneck-dropshoulder-t-shirt,,,,,,,,WRCDT-OFFW-M,810221392194,,M,,,Off White,,,,,43.00,,,TRUE,,,,,,shopify,1,DENY,,g,TRUE,manual,,,,https://d3o8u8o2i2q94t.cloudfront.net/products/womens-relax-crewneck-dropshoulder-t-shirt/off-white/womens-relax-crewneck-dropshoulder-t-shirt-off-white-7.webp,FALSE,,,,,,,,,,,,,,,,
,womens-relax-crewneck-dropshoulder-t-shirt,,,,,,,,WRCDT-SAND-M,810221392460,,M,,,Sand,,,,,43.00,,,TRUE,,,,,,shopify,4,DENY,,g,TRUE,manual,,,,https://cdn.shopify.com/s/files/1/0655/2010/7769/files/2O5A0124.png,FALSE,,,,,,,,,,,,,,,,
,womens-relax-crewneck-dropshoulder-t-shirt,,,,,,,,WRCDT-CREA-L,810221392163,,L,,,Cream,,,,,43.00,,,TRUE,,,,,,shopify,2,DENY,,g,TRUE,manual,,,,https://d3o8u8o2i2q94t.cloudfront.net/products/womens-relax-crewneck-dropshoulder-t-shirt/cream/womens-relax-crewneck-dropshoulder-t-shirt-cream-4.webp,FALSE,,,,,,,,,,,,,,,,
,womens-relax-crewneck-dropshoulder-t-shirt,,,,,,,,WRCDT-OFFW-L,810221392200,,L,,,Off White,,,,,43.00,,,TRUE,,,,,,shopify,2,DENY,,g,TRUE,manual,,,,https://d3o8u8o2i2q94t.cloudfront.net/products/womens-relax-crewneck-dropshoulder-t-shirt/off-white/womens-relax-crewneck-dropshoulder-t-shirt-off-white-7.webp,FALSE,,,,,,,,,,,,,,,,
,womens-relax-crewneck-dropshoulder-t-shirt,,,,,,,,WRCDT-SAND-L,810221392477,,L,,,Sand,,,,,43.00,,,TRUE,,,,,,shopify,2,DENY,,g,TRUE,manual,,,,https://cdn.shopify.com/s/files/1/0655/2010/7769/files/2O5A0124.png,FALSE,,,,,,,,,,,,,,,,
,womens-relax-crewneck-dropshoulder-t-shirt,,,,,,,,WRCDT-CREA-XL,810221392170,,XL,,,Cream,,,,,43.00,,,TRUE,,,,,,shopify,0,DENY,,g,TRUE,manual,,,,https://d3o8u8o2i2q94t.cloudfront.net/products/womens-relax-crewneck-dropshoulder-t-shirt/cream/womens-relax-crewneck-dropshoulder-t-shirt-cream-4.webp,FALSE,,,,,,,,,,,,,,,,
,womens-relax-crewneck-dropshoulder-t-shirt,,,,,,,,WRCDT-OFFW-XL,810221392217,,XL,,,Off White,,,,,43.00,,,TRUE,,,,,,shopify,2,DENY,,g,TRUE,manual,,,,https://d3o8u8o2i2q94t.cloudfront.net/products/womens-relax-crewneck-dropshoulder-t-shirt/off-white/womens-relax-crewneck-dropshoulder-t-shirt-off-white-7.webp,FALSE,,,,,,,,,,,,,,,,
,womens-relax-crewneck-dropshoulder-t-shirt,,,,,,,,WRCDT-SAND-XL,810221392484,,XL,,,Sand,,,,,43.00,,,TRUE,,,,,,shopify,2,DENY,,g,TRUE,manual,,,,https://cdn.shopify.com/s/files/1/0655/2010/7769/files/2O5A0124.png,FALSE,,,,,,,,,,,,,,,,
,womens-relax-crewneck-dropshoulder-t-shirt,,,,,,,,,,,,,,,,,,,,,,,,,,,,,,,,,,,https://d3o8u8o2i2q94t.cloudfront.net/products/womens-relax-crewneck-dropshoulder-t-shirt/cream/womens-relax-crewneck-dropshoulder-t-shirt-cream-13.webp,2,Women's Relax Crewneck Dropshoulder T-Shirt - view 2,,,,,,,,,,,,,,,,,,
,womens-relax-crewneck-dropshoulder-t-shirt,,,,,,,,,,,,,,,,,,,,,,,,,,,,,,,,,,,https://d3o8u8o2i2q94t.cloudfront.net/products/womens-relax-crewneck-dropshoulder-t-shirt/cream/womens-relax-crewneck-dropshoulder-t-shirt-cream-8.webp,3,Women's Relax Crewneck Dropshoulder T-Shirt - view 3,,,,,,,,,,,,,,,,,,
,womens-relax-crewneck-dropshoulder-t-shirt,,,,,,,,,,,,,,,,,,,,,,,,,,,,,,,,,,,https://d3o8u8o2i2q94t.cloudfront.net/products/womens-relax-crewneck-dropshoulder-t-shirt/cream/womens-relax-crewneck-dropshoulder-t-shirt-cream-7.webp,4,Women's Relax Crewneck Dropshoulder T-Shirt - view 4,,,,,,,,,,,,,,,,,,
,womens-relax-crewneck-dropshoulder-t-shirt,,,,,,,,,,,,,,,,,,,,,,,,,,,,,,,,,,,https://d3o8u8o2i2q94t.cloudfront.net/products/womens-relax-crewneck-dropshoulder-t-shirt/cream/womens-relax-crewneck-dropshoulder-t-shirt-cream-6.webp,5,Women's Relax Crewneck Dropshoulder T-Shirt - view 5,,,,,,,,,,,,,,,,,,
,womens-relax-crewneck-dropshoulder-t-shirt,,,,,,,,,,,,,,,,,,,,,,,,,,,,,,,,,,,https://d3o8u8o2i2q94t.cloudfront.net/products/womens-relax-crewneck-dropshoulder-t-shirt/cream/womens-relax-crewneck-dropshoulder-t-shirt-cream-11.webp,6,Women's Relax Crewneck Dropshoulder T-Shirt - view 6,,,,,,,,,,,,,,,,,,
,womens-relax-crewneck-dropshoulder-t-shirt,,,,,,,,,,,,,,,,,,,,,,,,,,,,,,,,,,,https://d3o8u8o2i2q94t.cloudfront.net/products/womens-relax-crewneck-dropshoulder-t-shirt/cream/womens-relax-crewneck-dropshoulder-t-shirt-cream-14.webp,7,Women's Relax Crewneck Dropshoulder T-Shirt - view 7,,,,,,,,,,,,,,,,,,
,womens-relax-crewneck-dropshoulder-t-shirt,,,,,,,,,,,,,,,,,,,,,,,,,,,,,,,,,,,https://d3o8u8o2i2q94t.cloudfront.net/products/womens-relax-crewneck-dropshoulder-t-shirt/cream/womens-relax-crewneck-dropshoulder-t-shirt-cream-15.webp,8,Women's Relax Crewneck Dropshoulder T-Shirt - view 8,,,,,,,,,,,,,,,,,,
,womens-relax-crewneck-dropshoulder-t-shirt,,,,,,,,,,,,,,,,,,,,,,,,,,,,,,,,,,,https://d3o8u8o2i2q94t.cloudfront.net/products/womens-relax-crewneck-dropshoulder-t-shirt/cream/womens-relax-crewneck-dropshoulder-t-shirt-cream-17.webp,9,Women's Relax Crewneck Dropshoulder T-Shirt - view 9,,,,,,,,,,,,,,,,,,
,womens-relax-crewneck-dropshoulder-t-shirt,,,,,,,,,,,,,,,,,,,,,,,,,,,,,,,,,,,https://d3o8u8o2i2q94t.cloudfront.net/products/womens-relax-crewneck-dropshoulder-t-shirt/cream/womens-relax-crewneck-dropshoulder-t-shirt-cream-3.webp,10,Women's Relax Crewneck Dropshoulder T-Shirt - view 10,,,,,,,,,,,,,,,,,,
,womens-relax-crewneck-dropshoulder-t-shirt,,,,,,,,,,,,,,,,,,,,,,,,,,,,,,,,,,,https://d3o8u8o2i2q94t.cloudfront.net/products/womens-relax-crewneck-dropshoulder-t-shirt/cream/womens-relax-crewneck-dropshoulder-t-shirt-cream-2.webp,11,Women's Relax Crewneck Dropshoulder T-Shirt - view 11,,,,,,,,,,,,,,,,,,
,womens-relax-crewneck-dropshoulder-t-shirt,,,,,,,,,,,,,,,,,,,,,,,,,,,,,,,,,,,https://d3o8u8o2i2q94t.cloudfront.net/products/womens-relax-crewneck-dropshoulder-t-shirt/cream/womens-relax-crewneck-dropshoulder-t-shirt-cream-1.webp,12,Women's Relax Crewneck Dropshoulder T-Shirt - view 12,,,,,,,,,,,,,,,,,,
,womens-relax-crewneck-dropshoulder-t-shirt,,,,,,,,,,,,,,,,,,,,,,,,,,,,,,,,,,,https://d3o8u8o2i2q94t.cloudfront.net/products/womens-relax-crewneck-dropshoulder-t-shirt/off-white/womens-relax-crewneck-dropshoulder-t-shirt-off-white-7.webp,13,Women's Relax Crewneck Dropshoulder T-Shirt - view 13,,,,,,,,,,,,,,,,,,
,womens-relax-crewneck-dropshoulder-t-shirt,,,,,,,,,,,,,,,,,,,,,,,,,,,,,,,,,,,https://d3o8u8o2i2q94t.cloudfront.net/products/womens-relax-crewneck-dropshoulder-t-shirt/off-white/womens-relax-crewneck-dropshoulder-t-shirt-off-white-12.webp,14,Women's Relax Crewneck Dropshoulder T-Shirt - view 14,,,,,,,,,,,,,,,,,,
,womens-relax-crewneck-dropshoulder-t-shirt,,,,,,,,,,,,,,,,,,,,,,,,,,,,,,,,,,,https://d3o8u8o2i2q94t.cloudfront.net/products/womens-relax-crewneck-dropshoulder-t-shirt/off-white/womens-relax-crewneck-dropshoulder-t-shirt-off-white-4.webp,15,Women's Relax Crewneck Dropshoulder T-Shirt - view 15,,,,,,,,,,,,,,,,,,
,womens-relax-crewneck-dropshoulder-t-shirt,,,,,,,,,,,,,,,,,,,,,,,,,,,,,,,,,,,https://d3o8u8o2i2q94t.cloudfront.net/products/womens-relax-crewneck-dropshoulder-t-shirt/off-white/womens-relax-crewneck-dropshoulder-t-shirt-off-white-16.webp,16,Women's Relax Crewneck Dropshoulder T-Shirt - view 16,,,,,,,,,,,,,,,,,,
,womens-relax-crewneck-dropshoulder-t-shirt,,,,,,,,,,,,,,,,,,,,,,,,,,,,,,,,,,,https://d3o8u8o2i2q94t.cloudfront.net/products/womens-relax-crewneck-dropshoulder-t-shirt/off-white/womens-relax-crewneck-dropshoulder-t-shirt-off-white-17.webp,17,Women's Relax Crewneck Dropshoulder T-Shirt - view 17,,,,,,,,,,,,,,,,,,
,womens-relax-crewneck-dropshoulder-t-shirt,,,,,,,,,,,,,,,,,,,,,,,,,,,,,,,,,,,https://d3o8u8o2i2q94t.cloudfront.net/products/womens-relax-crewneck-dropshoulder-t-shirt/off-white/womens-relax-crewneck-dropshoulder-t-shirt-off-white-5.webp,18,Women's Relax Crewneck Dropshoulder T-Shirt - view 18,,,,,,,,,,,,,,,,,,
,womens-relax-crewneck-dropshoulder-t-shirt,,,,,,,,,,,,,,,,,,,,,,,,,,,,,,,,,,,https://d3o8u8o2i2q94t.cloudfront.net/products/womens-relax-crewneck-dropshoulder-t-shirt/off-white/womens-relax-crewneck-dropshoulder-t-shirt-off-white-9.webp,19,Women's Relax Crewneck Dropshoulder T-Shirt - view 19,,,,,,,,,,,,,,,,,,
,womens-relax-crewneck-dropshoulder-t-shirt,,,,,,,,,,,,,,,,,,,,,,,,,,,,,,,,,,,https://d3o8u8o2i2q94t.cloudfront.net/products/womens-relax-crewneck-dropshoulder-t-shirt/off-white/womens-relax-crewneck-dropshoulder-t-shirt-off-white-1.webp,20,Women's Relax Crewneck Dropshoulder T-Shirt - view 20,,,,,,,,,,,,,,,,,,
,womens-relax-crewneck-dropshoulder-t-shirt,,,,,,,,,,,,,,,,,,,,,,,,,,,,,,,,,,,https://d3o8u8o2i2q94t.cloudfront.net/products/womens-relax-crewneck-dropshoulder-t-shirt/off-white/womens-relax-crewneck-dropshoulder-t-shirt-off-white-2.webp,21,Women's Relax Crewneck Dropshoulder T-Shirt - view 21,,,,,,,,,,,,,,,,,,
,womens-relax-crewneck-dropshoulder-t-shirt,,,,,,,,,,,,,,,,,,,,,,,,,,,,,,,,,,,https://d3o8u8o2i2q94t.cloudfront.net/products/womens-relax-crewneck-dropshoulder-t-shirt/off-white/womens-relax-crewneck-dropshoulder-t-shirt-off-white-3.webp,22,Women's Relax Crewneck Dropshoulder T-Shirt - view 22,,,,,,,,,,,,,,,,,,
Women's Relax Crewneck Tee,womens-relax-crewneck-tee,"Effortlessly chic and incredibly comfortable, this Women's Relax Crewneck Tee in Sky Blue is your new everyday essential. Crafted from a soft cotton-elastane blend for gentle stretch and all-day comfort, this relaxed-fit tee features a classic crewneck design and short sleeves that pair perfectly with everything from distressed denim to tailored trousers.",Solomon & Sage,Apparel & Accessories > Clothing,Tops,,TRUE,active,WRCT-SB-XS,,Size,XS,,Color,Sky Blue,,,,,42.00,,,TRUE,,,,,,shopify,0,DENY,,g,TRUE,manual,https://d3o8u8o2i2q94t.cloudfront.net/products/1776587946223-women-s-relax-crewneck-tee-sky-blue-10.webp,1,Women's Relax Crewneck Tee,https://d3o8u8o2i2q94t.cloudfront.net/products/1776587946223-women-s-relax-crewneck-tee-sky-blue-10.webp,FALSE,Women's Relax Crewneck Tee | Solomon & Sage,"Effortlessly chic and incredibly comfortable, this Women's Relax Crewneck Tee in Sky Blue is your new everyday essential. Crafted from a soft cotton-elastane bl",Sky Blue,Apparel & Accessories > Clothing,,,,,,new,,,,,,
,womens-relax-crewneck-tee,,,,,,,,WRCT-SKYB-S,810221392118,,S,,,Sky Blue,,,,,42.00,,,TRUE,,,,,,shopify,0,DENY,,g,TRUE,manual,,,,https://d3o8u8o2i2q94t.cloudfront.net/products/1776587946223-women-s-relax-crewneck-tee-sky-blue-10.webp,FALSE,,,,,,,,,,,,,,,,
,womens-relax-crewneck-tee,,,,,,,,WRCT-SKYB-M,810221392125,,M,,,Sky Blue,,,,,42.00,,,TRUE,,,,,,shopify,0,DENY,,g,TRUE,manual,,,,https://d3o8u8o2i2q94t.cloudfront.net/products/1776587946223-women-s-relax-crewneck-tee-sky-blue-10.webp,FALSE,,,,,,,,,,,,,,,,
,womens-relax-crewneck-tee,,,,,,,,WRCT-SKYB-L,810221392132,,L,,,Sky Blue,,,,,42.00,,,TRUE,,,,,,shopify,0,DENY,,g,TRUE,manual,,,,https://d3o8u8o2i2q94t.cloudfront.net/products/1776587946223-women-s-relax-crewneck-tee-sky-blue-10.webp,FALSE,,,,,,,,,,,,,,,,
,womens-relax-crewneck-tee,,,,,,,,WRCT-SKYB-XL,810221392149,,XL,,,Sky Blue,,,,,42.00,,,TRUE,,,,,,shopify,0,DENY,,g,TRUE,manual,,,,https://d3o8u8o2i2q94t.cloudfront.net/products/1776587946223-women-s-relax-crewneck-tee-sky-blue-10.webp,FALSE,,,,,,,,,,,,,,,,
,womens-relax-crewneck-tee,,,,,,,,WRCT-SB-XXL,,,XXL,,,Sky Blue,,,,,42.00,,,TRUE,,,,,,shopify,0,DENY,,g,TRUE,manual,,,,https://d3o8u8o2i2q94t.cloudfront.net/products/1776587946223-women-s-relax-crewneck-tee-sky-blue-10.webp,FALSE,,,,,,,,,,,,,,,,
,womens-relax-crewneck-tee,,,,,,,,,,,,,,,,,,,,,,,,,,,,,,,,,,,https://d3o8u8o2i2q94t.cloudfront.net/products/1776587935015-women-s-relax-crewneck-tee-sky-blue-3.webp,2,Women's Relax Crewneck Tee - view 2,,,,,,,,,,,,,,,,,,
,womens-relax-crewneck-tee,,,,,,,,,,,,,,,,,,,,,,,,,,,,,,,,,,,https://d3o8u8o2i2q94t.cloudfront.net/products/1776587942157-women-s-relax-crewneck-tee-sky-blue-7.webp,3,Women's Relax Crewneck Tee - view 3,,,,,,,,,,,,,,,,,,
,womens-relax-crewneck-tee,,,,,,,,,,,,,,,,,,,,,,,,,,,,,,,,,,,https://d3o8u8o2i2q94t.cloudfront.net/products/1776587943794-women-s-relax-crewneck-tee-sky-blue-9.webp,4,Women's Relax Crewneck Tee - view 4,,,,,,,,,,,,,,,,,,
,womens-relax-crewneck-tee,,,,,,,,,,,,,,,,,,,,,,,,,,,,,,,,,,,https://d3o8u8o2i2q94t.cloudfront.net/products/1776587938348-women-s-relax-crewneck-tee-sky-blue-5.webp,5,Women's Relax Crewneck Tee - view 5,,,,,,,,,,,,,,,,,,
,womens-relax-crewneck-tee,,,,,,,,,,,,,,,,,,,,,,,,,,,,,,,,,,,https://d3o8u8o2i2q94t.cloudfront.net/products/1776587949644-women-s-relax-crewneck-tee-sky-blue-11.webp,6,Women's Relax Crewneck Tee - view 6,,,,,,,,,,,,,,,,,,
,womens-relax-crewneck-tee,,,,,,,,,,,,,,,,,,,,,,,,,,,,,,,,,,,https://d3o8u8o2i2q94t.cloudfront.net/products/1776587940547-women-s-relax-crewneck-tee-sky-blue-6.webp,7,Women's Relax Crewneck Tee - view 7,,,,,,,,,,,,,,,,,,
Women's Relaxed Fit Contrast Trim Ringer T-Shirt,womens-relaxed-fit-contrast-trim-ringer-t-shirt,"Classic ringer tee gets a fresh update in this relaxed-fit cotton style featuring crisp white contrast trim at the crewneck and sleeves. The rich burgundy hue pairs effortlessly with denim for laid-back weekend style. Crafted from 100% cotton for breathable, all-day comfort.",Solomon & Sage,Apparel & Accessories > Clothing,Tops,"women, tops",TRUE,active,TEE-BURG-XS,,Size,XS,,Color,Burgundy,,,,,44.00,,,TRUE,,,,,,shopify,0,DENY,,g,TRUE,manual,https://d3o8u8o2i2q94t.cloudfront.net/products/womens-relaxed-fit-contrast-trim-ringer-t-shirt/burgundy/womens-relaxed-fit-contrast-trim-ringer-t-shirt-burgundy-5.webp,1,Women's Relaxed Fit Contrast Trim Ringer T-Shirt,https://d3o8u8o2i2q94t.cloudfront.net/products/womens-relaxed-fit-contrast-trim-ringer-t-shirt/burgundy/womens-relaxed-fit-contrast-trim-ringer-t-shirt-burgundy-5.webp,FALSE,Women's Relaxed Fit Contrast Trim Ringer T-Shirt | Solomon & Sage,Classic ringer tee gets a fresh update in this relaxed-fit cotton style featuring crisp white contrast trim at the crewneck and sleeves. The rich burgundy hue p,Burgundy,Apparel & Accessories > Clothing,,,,,,new,,,,,,
,womens-relaxed-fit-contrast-trim-ringer-t-shirt,,,,,,,,WRFCTR-BURG-S,810221391913,,S,,,Burgundy,,,,,44.00,,,TRUE,,,,,,shopify,3,DENY,,g,TRUE,manual,,,,https://d3o8u8o2i2q94t.cloudfront.net/products/womens-relaxed-fit-contrast-trim-ringer-t-shirt/burgundy/womens-relaxed-fit-contrast-trim-ringer-t-shirt-burgundy-5.webp,FALSE,,,,,,,,,,,,,,,,
,womens-relaxed-fit-contrast-trim-ringer-t-shirt,,,,,,,,WRFCTR-BURG-M,810221391920,,M,,,Burgundy,,,,,44.00,,,TRUE,,,,,,shopify,1,DENY,,g,TRUE,manual,,,,https://d3o8u8o2i2q94t.cloudfront.net/products/womens-relaxed-fit-contrast-trim-ringer-t-shirt/burgundy/womens-relaxed-fit-contrast-trim-ringer-t-shirt-burgundy-5.webp,FALSE,,,,,,,,,,,,,,,,
,womens-relaxed-fit-contrast-trim-ringer-t-shirt,,,,,,,,WRFCTR-BURG-L,810221391937,,L,,,Burgundy,,,,,44.00,,,TRUE,,,,,,shopify,1,DENY,,g,TRUE,manual,,,,https://d3o8u8o2i2q94t.cloudfront.net/products/womens-relaxed-fit-contrast-trim-ringer-t-shirt/burgundy/womens-relaxed-fit-contrast-trim-ringer-t-shirt-burgundy-5.webp,FALSE,,,,,,,,,,,,,,,,
,womens-relaxed-fit-contrast-trim-ringer-t-shirt,,,,,,,,WRFCTR-BURG-XL,810221391944,,XL,,,Burgundy,,,,,44.00,,,TRUE,,,,,,shopify,3,DENY,,g,TRUE,manual,,,,https://d3o8u8o2i2q94t.cloudfront.net/products/womens-relaxed-fit-contrast-trim-ringer-t-shirt/burgundy/womens-relaxed-fit-contrast-trim-ringer-t-shirt-burgundy-5.webp,FALSE,,,,,,,,,,,,,,,,
,womens-relaxed-fit-contrast-trim-ringer-t-shirt,,,,,,,,,,,,,,,,,,,,,,,,,,,,,,,,,,,https://d3o8u8o2i2q94t.cloudfront.net/products/womens-relaxed-fit-contrast-trim-ringer-t-shirt/burgundy/womens-relaxed-fit-contrast-trim-ringer-t-shirt-burgundy-6.webp,2,Women's Relaxed Fit Contrast Trim Ringer T-Shirt - view 2,,,,,,,,,,,,,,,,,,
,womens-relaxed-fit-contrast-trim-ringer-t-shirt,,,,,,,,,,,,,,,,,,,,,,,,,,,,,,,,,,,https://d3o8u8o2i2q94t.cloudfront.net/products/womens-relaxed-fit-contrast-trim-ringer-t-shirt/burgundy/womens-relaxed-fit-contrast-trim-ringer-t-shirt-burgundy-9.webp,3,Women's Relaxed Fit Contrast Trim Ringer T-Shirt - view 3,,,,,,,,,,,,,,,,,,
,womens-relaxed-fit-contrast-trim-ringer-t-shirt,,,,,,,,,,,,,,,,,,,,,,,,,,,,,,,,,,,https://d3o8u8o2i2q94t.cloudfront.net/products/womens-relaxed-fit-contrast-trim-ringer-t-shirt/burgundy/womens-relaxed-fit-contrast-trim-ringer-t-shirt-burgundy-10.webp,4,Women's Relaxed Fit Contrast Trim Ringer T-Shirt - view 4,,,,,,,,,,,,,,,,,,
,womens-relaxed-fit-contrast-trim-ringer-t-shirt,,,,,,,,,,,,,,,,,,,,,,,,,,,,,,,,,,,https://d3o8u8o2i2q94t.cloudfront.net/products/womens-relaxed-fit-contrast-trim-ringer-t-shirt/burgundy/womens-relaxed-fit-contrast-trim-ringer-t-shirt-burgundy-11.webp,5,Women's Relaxed Fit Contrast Trim Ringer T-Shirt - view 5,,,,,,,,,,,,,,,,,,
,womens-relaxed-fit-contrast-trim-ringer-t-shirt,,,,,,,,,,,,,,,,,,,,,,,,,,,,,,,,,,,https://d3o8u8o2i2q94t.cloudfront.net/products/womens-relaxed-fit-contrast-trim-ringer-t-shirt/burgundy/womens-relaxed-fit-contrast-trim-ringer-t-shirt-burgundy-1.webp,6,Women's Relaxed Fit Contrast Trim Ringer T-Shirt - view 6,,,,,,,,,,,,,,,,,,
,womens-relaxed-fit-contrast-trim-ringer-t-shirt,,,,,,,,,,,,,,,,,,,,,,,,,,,,,,,,,,,https://d3o8u8o2i2q94t.cloudfront.net/products/womens-relaxed-fit-contrast-trim-ringer-t-shirt/burgundy/womens-relaxed-fit-contrast-trim-ringer-t-shirt-burgundy-3.webp,7,Women's Relaxed Fit Contrast Trim Ringer T-Shirt - view 7,,,,,,,,,,,,,,,,,,
,womens-relaxed-fit-contrast-trim-ringer-t-shirt,,,,,,,,,,,,,,,,,,,,,,,,,,,,,,,,,,,https://d3o8u8o2i2q94t.cloudfront.net/products/womens-relaxed-fit-contrast-trim-ringer-t-shirt/burgundy/womens-relaxed-fit-contrast-trim-ringer-t-shirt-burgundy-2.webp,8,Women's Relaxed Fit Contrast Trim Ringer T-Shirt - view 8,,,,,,,,,,,,,,,,,,
Women's Relaxed Straight Leg Jeans,womens-relaxed-straight-leg-jeans,"Effortlessly cool and endlessly versatile, these relaxed straight leg jeans in a light wash finish are your new wardrobe essential. Crafted from a comfortable cotton-spandex blend with just the right amount of stretch, featuring a classic five-pocket design and high-rise waist for a flattering fit. The laid-back silhouette pairs perfectly with everything from fitted tops to oversized sweaters.",Solomon & Sage,Apparel & Accessories > Clothing,Jeans,"women, jeans",TRUE,active,WRSLJ-LIGH-28,810221390138,Size,S,,Color,Light Wash,,,,,64.99,,,TRUE,,,,,,shopify,1,DENY,,g,TRUE,manual,https://d3o8u8o2i2q94t.cloudfront.net/products/womens-relaxed-straight-leg-jeans/light-wash/womens-relaxed-straight-leg-jeans-light-wash-8.webp,1,Women's Relaxed Straight Leg Jeans,https://d3o8u8o2i2q94t.cloudfront.net/products/womens-relaxed-straight-leg-jeans/light-wash/womens-relaxed-straight-leg-jeans-light-wash-6.webp,FALSE,Women's Relaxed Straight Leg Jeans | Solomon & Sage,"Effortlessly cool and endlessly versatile, these relaxed straight leg jeans in a light wash finish are your new wardrobe essential. Crafted from a comfortable c",Light Wash,Apparel & Accessories > Clothing,,,,,,new,,,,,,
,womens-relaxed-straight-leg-jeans,,,,,,,,WRSLJ-LIGH-30,810221390152,,M,,,Light Wash,,,,,64.99,,,TRUE,,,,,,shopify,2,DENY,,g,TRUE,manual,,,,https://d3o8u8o2i2q94t.cloudfront.net/products/womens-relaxed-straight-leg-jeans/light-wash/womens-relaxed-straight-leg-jeans-light-wash-6.webp,FALSE,,,,,,,,,,,,,,,,
,womens-relaxed-straight-leg-jeans,,,,,,,,WRSLJ-LIGH-32,810221390169,,L,,,Light Wash,,,,,64.99,,,TRUE,,,,,,shopify,4,DENY,,g,TRUE,manual,,,,https://d3o8u8o2i2q94t.cloudfront.net/products/womens-relaxed-straight-leg-jeans/light-wash/womens-relaxed-straight-leg-jeans-light-wash-6.webp,FALSE,,,,,,,,,,,,,,,,
,womens-relaxed-straight-leg-jeans,,,,,,,,WRSLJ-LIGH-34,810221390176,,XL,,,Light Wash,,,,,64.99,,,TRUE,,,,,,shopify,3,DENY,,g,TRUE,manual,,,,https://d3o8u8o2i2q94t.cloudfront.net/products/womens-relaxed-straight-leg-jeans/light-wash/womens-relaxed-straight-leg-jeans-light-wash-6.webp,FALSE,,,,,,,,,,,,,,,,
,womens-relaxed-straight-leg-jeans,,,,,,,,WRSLJ-LIGH-26,810221390114,,26,,,Light Wash,,,,,64.99,,,TRUE,,,,,,shopify,0,DENY,,g,TRUE,manual,,,,https://d3o8u8o2i2q94t.cloudfront.net/products/womens-relaxed-straight-leg-jeans/light-wash/womens-relaxed-straight-leg-jeans-light-wash-6.webp,FALSE,,,,,,,,,,,,,,,,
,womens-relaxed-straight-leg-jeans,,,,,,,,,,,,,,,,,,,,,,,,,,,,,,,,,,,https://d3o8u8o2i2q94t.cloudfront.net/products/womens-relaxed-straight-leg-jeans/light-wash/womens-relaxed-straight-leg-jeans-light-wash-7.webp,2,Women's Relaxed Straight Leg Jeans - view 2,,,,,,,,,,,,,,,,,,
,womens-relaxed-straight-leg-jeans,,,,,,,,,,,,,,,,,,,,,,,,,,,,,,,,,,,https://d3o8u8o2i2q94t.cloudfront.net/products/womens-relaxed-straight-leg-jeans/light-wash/womens-relaxed-straight-leg-jeans-light-wash-9.webp,3,Women's Relaxed Straight Leg Jeans - view 3,,,,,,,,,,,,,,,,,,
,womens-relaxed-straight-leg-jeans,,,,,,,,,,,,,,,,,,,,,,,,,,,,,,,,,,,https://d3o8u8o2i2q94t.cloudfront.net/products/womens-relaxed-straight-leg-jeans/light-wash/womens-relaxed-straight-leg-jeans-light-wash-4.webp,4,Women's Relaxed Straight Leg Jeans - view 4,,,,,,,,,,,,,,,,,,
,womens-relaxed-straight-leg-jeans,,,,,,,,,,,,,,,,,,,,,,,,,,,,,,,,,,,https://d3o8u8o2i2q94t.cloudfront.net/products/womens-relaxed-straight-leg-jeans/light-wash/womens-relaxed-straight-leg-jeans-light-wash-2.webp,5,Women's Relaxed Straight Leg Jeans - view 5,,,,,,,,,,,,,,,,,,
,womens-relaxed-straight-leg-jeans,,,,,,,,,,,,,,,,,,,,,,,,,,,,,,,,,,,https://d3o8u8o2i2q94t.cloudfront.net/products/womens-relaxed-straight-leg-jeans/light-wash/womens-relaxed-straight-leg-jeans-light-wash-1.webp,6,Women's Relaxed Straight Leg Jeans - view 6,,,,,,,,,,,,,,,,,,
,womens-relaxed-straight-leg-jeans,,,,,,,,,,,,,,,,,,,,,,,,,,,,,,,,,,,https://d3o8u8o2i2q94t.cloudfront.net/products/womens-relaxed-straight-leg-jeans/light-wash/womens-relaxed-straight-leg-jeans-light-wash-3.webp,7,Women's Relaxed Straight Leg Jeans - view 7,,,,,,,,,,,,,,,,,,
,womens-relaxed-straight-leg-jeans,,,,,,,,,,,,,,,,,,,,,,,,,,,,,,,,,,,https://d3o8u8o2i2q94t.cloudfront.net/products/womens-relaxed-straight-leg-jeans/light-wash/womens-relaxed-straight-leg-jeans-light-wash-5.webp,8,Women's Relaxed Straight Leg Jeans - view 8,,,,,,,,,,,,,,,,,,
Women's Relaxed Wide Leg Drawstring Trousers,womens-relaxed-wide-leg-drawstring-trousers,"Effortlessly chic and endlessly comfortable, these relaxed wide leg drawstring trousers are crafted from soft, breathable fabric for all-day wearability. The flattering high-rise waistband with adjustable drawstring tie offers a customized fit, while the flowing wide leg silhouette drapes beautifully and pairs effortlessly with everything from casual tees to tailored tops. A versatile wardrobe essential that transitions seamlessly from weekend lounging to relaxed office looks.",Solomon & Sage,Apparel & Accessories > Clothing,Bottoms,"women, bottoms",TRUE,active,WRWLDT-BLAC-6,810221390558,Size,26,,Color,Black,,,,,49.00,,,TRUE,,,,,,shopify,0,DENY,,g,TRUE,manual,https://d3o8u8o2i2q94t.cloudfront.net/products/womens-relaxed-wide-leg-drawstring-trousers/black/womens-relaxed-wide-leg-drawstring-trousers-black-4.webp,1,Women's Relaxed Wide Leg Drawstring Trousers,https://d3o8u8o2i2q94t.cloudfront.net/products/womens-relaxed-wide-leg-drawstring-trousers/black/womens-relaxed-wide-leg-drawstring-trousers-black-4.webp,FALSE,Women's Relaxed Wide Leg Drawstring Trousers | Solomon & Sage,"Effortlessly chic and endlessly comfortable, these relaxed wide leg drawstring trousers are crafted from soft, breathable fabric for all-day wearability. The fl",Black; Cream; Heather Gray; White,Apparel & Accessories > Clothing,,,,,,new,,,,,,
,womens-relaxed-wide-leg-drawstring-trousers,,,,,,,,WRWLDT-CREA-6,810221390602,,26,,,Cream,,,,,49.00,,,TRUE,,,,,,shopify,0,DENY,,g,TRUE,manual,,,,https://d3o8u8o2i2q94t.cloudfront.net/products/womens-relaxed-wide-leg-drawstring-trousers/cream/womens-relaxed-wide-leg-drawstring-trousers-cream-5.webp,FALSE,,,,,,,,,,,,,,,,
,womens-relaxed-wide-leg-drawstring-trousers,,,,,,,,WRWLDT-HEAT-6,810221390701,,26,,,Heather Gray,,,,,49.00,,,TRUE,,,,,,shopify,0,DENY,,g,TRUE,manual,,,,https://d3o8u8o2i2q94t.cloudfront.net/products/womens-relaxed-wide-leg-drawstring-trousers/heather-gray/womens-relaxed-wide-leg-drawstring-trousers-heather-gray-7.webp,FALSE,,,,,,,,,,,,,,,,
,womens-relaxed-wide-leg-drawstring-trousers,,,,,,,,WRWLDT-WHIT-6,810221390756,,26,,,White,,,,,49.00,,,TRUE,,,,,,shopify,0,DENY,,g,TRUE,manual,,,,https://d3o8u8o2i2q94t.cloudfront.net/products/womens-relaxed-wide-leg-drawstring-trousers/white/womens-relaxed-wide-leg-drawstring-trousers-white-4.webp,FALSE,,,,,,,,,,,,,,,,
,womens-relaxed-wide-leg-drawstring-trousers,,,,,,,,WRWLDT-BLAC-8,810221390565,,28,,,Black,,,,,49.00,,,TRUE,,,,,,shopify,2,DENY,,g,TRUE,manual,,,,https://d3o8u8o2i2q94t.cloudfront.net/products/womens-relaxed-wide-leg-drawstring-trousers/black/womens-relaxed-wide-leg-drawstring-trousers-black-4.webp,FALSE,,,,,,,,,,,,,,,,
,womens-relaxed-wide-leg-drawstring-trousers,,,,,,,,WRWLDT-CREA-8,810221390619,,28,,,Cream,,,,,49.00,,,TRUE,,,,,,shopify,2,DENY,,g,TRUE,manual,,,,https://d3o8u8o2i2q94t.cloudfront.net/products/womens-relaxed-wide-leg-drawstring-trousers/cream/womens-relaxed-wide-leg-drawstring-trousers-cream-5.webp,FALSE,,,,,,,,,,,,,,,,
,womens-relaxed-wide-leg-drawstring-trousers,,,,,,,,WRWLDT-HEAT-8,810221390718,,28,,,Heather Gray,,,,,49.00,,,TRUE,,,,,,shopify,2,DENY,,g,TRUE,manual,,,,https://d3o8u8o2i2q94t.cloudfront.net/products/womens-relaxed-wide-leg-drawstring-trousers/heather-gray/womens-relaxed-wide-leg-drawstring-trousers-heather-gray-7.webp,FALSE,,,,,,,,,,,,,,,,
,womens-relaxed-wide-leg-drawstring-trousers,,,,,,,,WRWLDT-WHIT-8,810221390763,,28,,,White,,,,,49.00,,,TRUE,,,,,,shopify,2,DENY,,g,TRUE,manual,,,,https://d3o8u8o2i2q94t.cloudfront.net/products/womens-relaxed-wide-leg-drawstring-trousers/white/womens-relaxed-wide-leg-drawstring-trousers-white-4.webp,FALSE,,,,,,,,,,,,,,,,
,womens-relaxed-wide-leg-drawstring-trousers,,,,,,,,WRWLDT-BLAC-10,810221390572,,30,,,Black,,,,,49.00,,,TRUE,,,,,,shopify,0,DENY,,g,TRUE,manual,,,,https://d3o8u8o2i2q94t.cloudfront.net/products/womens-relaxed-wide-leg-drawstring-trousers/black/womens-relaxed-wide-leg-drawstring-trousers-black-4.webp,FALSE,,,,,,,,,,,,,,,,
,womens-relaxed-wide-leg-drawstring-trousers,,,,,,,,WRWLDT-CREA-10,810221390626,,30,,,Cream,,,,,49.00,,,TRUE,,,,,,shopify,3,DENY,,g,TRUE,manual,,,,https://d3o8u8o2i2q94t.cloudfront.net/products/womens-relaxed-wide-leg-drawstring-trousers/cream/womens-relaxed-wide-leg-drawstring-trousers-cream-5.webp,FALSE,,,,,,,,,,,,,,,,
,womens-relaxed-wide-leg-drawstring-trousers,,,,,,,,WRWLDT-HEAT-10,810221390725,,30,,,Heather Gray,,,,,49.00,,,TRUE,,,,,,shopify,3,DENY,,g,TRUE,manual,,,,https://d3o8u8o2i2q94t.cloudfront.net/products/womens-relaxed-wide-leg-drawstring-trousers/heather-gray/womens-relaxed-wide-leg-drawstring-trousers-heather-gray-7.webp,FALSE,,,,,,,,,,,,,,,,
,womens-relaxed-wide-leg-drawstring-trousers,,,,,,,,WRWLDT-WHIT-10,810221390770,,30,,,White,,,,,49.00,,,TRUE,,,,,,shopify,3,DENY,,g,TRUE,manual,,,,https://d3o8u8o2i2q94t.cloudfront.net/products/womens-relaxed-wide-leg-drawstring-trousers/white/womens-relaxed-wide-leg-drawstring-trousers-white-4.webp,FALSE,,,,,,,,,,,,,,,,
,womens-relaxed-wide-leg-drawstring-trousers,,,,,,,,WRWLDT-BLAC-12,810221390589,,32,,,Black,,,,,49.00,,,TRUE,,,,,,shopify,1,DENY,,g,TRUE,manual,,,,https://d3o8u8o2i2q94t.cloudfront.net/products/womens-relaxed-wide-leg-drawstring-trousers/black/womens-relaxed-wide-leg-drawstring-trousers-black-4.webp,FALSE,,,,,,,,,,,,,,,,
,womens-relaxed-wide-leg-drawstring-trousers,,,,,,,,WRWLDT-CREA-12,810221390633,,32,,,Cream,,,,,49.00,,,TRUE,,,,,,shopify,4,DENY,,g,TRUE,manual,,,,https://d3o8u8o2i2q94t.cloudfront.net/products/womens-relaxed-wide-leg-drawstring-trousers/cream/womens-relaxed-wide-leg-drawstring-trousers-cream-5.webp,FALSE,,,,,,,,,,,,,,,,
,womens-relaxed-wide-leg-drawstring-trousers,,,,,,,,WRWLDT-HEAT-12,810221390732,,32,,,Heather Gray,,,,,49.00,,,TRUE,,,,,,shopify,1,DENY,,g,TRUE,manual,,,,https://d3o8u8o2i2q94t.cloudfront.net/products/womens-relaxed-wide-leg-drawstring-trousers/heather-gray/womens-relaxed-wide-leg-drawstring-trousers-heather-gray-7.webp,FALSE,,,,,,,,,,,,,,,,
,womens-relaxed-wide-leg-drawstring-trousers,,,,,,,,WRWLDT-WHIT-12,810221390787,,32,,,White,,,,,49.00,,,TRUE,,,,,,shopify,5,DENY,,g,TRUE,manual,,,,https://d3o8u8o2i2q94t.cloudfront.net/products/womens-relaxed-wide-leg-drawstring-trousers/white/womens-relaxed-wide-leg-drawstring-trousers-white-4.webp,FALSE,,,,,,,,,,,,,,,,
,womens-relaxed-wide-leg-drawstring-trousers,,,,,,,,WRWLDT-BLAC-14,810221390596,,34,,,Black,,,,,49.00,,,TRUE,,,,,,shopify,0,DENY,,g,TRUE,manual,,,,https://d3o8u8o2i2q94t.cloudfront.net/products/womens-relaxed-wide-leg-drawstring-trousers/black/womens-relaxed-wide-leg-drawstring-trousers-black-4.webp,FALSE,,,,,,,,,,,,,,,,
,womens-relaxed-wide-leg-drawstring-trousers,,,,,,,,WRWLDT-CREA-14,810221390640,,34,,,Cream,,,,,49.00,,,TRUE,,,,,,shopify,1,DENY,,g,TRUE,manual,,,,https://d3o8u8o2i2q94t.cloudfront.net/products/womens-relaxed-wide-leg-drawstring-trousers/cream/womens-relaxed-wide-leg-drawstring-trousers-cream-5.webp,FALSE,,,,,,,,,,,,,,,,
,womens-relaxed-wide-leg-drawstring-trousers,,,,,,,,WRWLDT-HEAT-14,810221390749,,34,,,Heather Gray,,,,,49.00,,,TRUE,,,,,,shopify,2,DENY,,g,TRUE,manual,,,,https://d3o8u8o2i2q94t.cloudfront.net/products/womens-relaxed-wide-leg-drawstring-trousers/heather-gray/womens-relaxed-wide-leg-drawstring-trousers-heather-gray-7.webp,FALSE,,,,,,,,,,,,,,,,
,womens-relaxed-wide-leg-drawstring-trousers,,,,,,,,WRWLDT-WHIT-14,810221390794,,34,,,White,,,,,49.00,,,TRUE,,,,,,shopify,1,DENY,,g,TRUE,manual,,,,https://d3o8u8o2i2q94t.cloudfront.net/products/womens-relaxed-wide-leg-drawstring-trousers/white/womens-relaxed-wide-leg-drawstring-trousers-white-4.webp,FALSE,,,,,,,,,,,,,,,,
,womens-relaxed-wide-leg-drawstring-trousers,,,,,,,,,,,,,,,,,,,,,,,,,,,,,,,,,,,https://d3o8u8o2i2q94t.cloudfront.net/products/womens-relaxed-wide-leg-drawstring-trousers/black/womens-relaxed-wide-leg-drawstring-trousers-black-3.webp,2,Women's Relaxed Wide Leg Drawstring Trousers - view 2,,,,,,,,,,,,,,,,,,
,womens-relaxed-wide-leg-drawstring-trousers,,,,,,,,,,,,,,,,,,,,,,,,,,,,,,,,,,,https://d3o8u8o2i2q94t.cloudfront.net/products/womens-relaxed-wide-leg-drawstring-trousers/black/womens-relaxed-wide-leg-drawstring-trousers-black-6.webp,3,Women's Relaxed Wide Leg Drawstring Trousers - view 3,,,,,,,,,,,,,,,,,,
,womens-relaxed-wide-leg-drawstring-trousers,,,,,,,,,,,,,,,,,,,,,,,,,,,,,,,,,,,https://d3o8u8o2i2q94t.cloudfront.net/products/womens-relaxed-wide-leg-drawstring-trousers/black/womens-relaxed-wide-leg-drawstring-trousers-black-5.webp,4,Women's Relaxed Wide Leg Drawstring Trousers - view 4,,,,,,,,,,,,,,,,,,
,womens-relaxed-wide-leg-drawstring-trousers,,,,,,,,,,,,,,,,,,,,,,,,,,,,,,,,,,,https://d3o8u8o2i2q94t.cloudfront.net/products/womens-relaxed-wide-leg-drawstring-trousers/black/womens-relaxed-wide-leg-drawstring-trousers-black-1.webp,5,Women's Relaxed Wide Leg Drawstring Trousers - view 5,,,,,,,,,,,,,,,,,,
,womens-relaxed-wide-leg-drawstring-trousers,,,,,,,,,,,,,,,,,,,,,,,,,,,,,,,,,,,https://d3o8u8o2i2q94t.cloudfront.net/products/womens-relaxed-wide-leg-drawstring-trousers/black/womens-relaxed-wide-leg-drawstring-trousers-black-2.webp,6,Women's Relaxed Wide Leg Drawstring Trousers - view 6,,,,,,,,,,,,,,,,,,
,womens-relaxed-wide-leg-drawstring-trousers,,,,,,,,,,,,,,,,,,,,,,,,,,,,,,,,,,,https://d3o8u8o2i2q94t.cloudfront.net/products/womens-relaxed-wide-leg-drawstring-trousers/cream/womens-relaxed-wide-leg-drawstring-trousers-cream-5.webp,7,Women's Relaxed Wide Leg Drawstring Trousers - view 7,,,,,,,,,,,,,,,,,,
,womens-relaxed-wide-leg-drawstring-trousers,,,,,,,,,,,,,,,,,,,,,,,,,,,,,,,,,,,https://d3o8u8o2i2q94t.cloudfront.net/products/womens-relaxed-wide-leg-drawstring-trousers/cream/womens-relaxed-wide-leg-drawstring-trousers-cream-9.webp,8,Women's Relaxed Wide Leg Drawstring Trousers - view 8,,,,,,,,,,,,,,,,,,
,womens-relaxed-wide-leg-drawstring-trousers,,,,,,,,,,,,,,,,,,,,,,,,,,,,,,,,,,,https://d3o8u8o2i2q94t.cloudfront.net/products/womens-relaxed-wide-leg-drawstring-trousers/cream/womens-relaxed-wide-leg-drawstring-trousers-cream-7.webp,9,Women's Relaxed Wide Leg Drawstring Trousers - view 9,,,,,,,,,,,,,,,,,,
,womens-relaxed-wide-leg-drawstring-trousers,,,,,,,,,,,,,,,,,,,,,,,,,,,,,,,,,,,https://d3o8u8o2i2q94t.cloudfront.net/products/womens-relaxed-wide-leg-drawstring-trousers/cream/womens-relaxed-wide-leg-drawstring-trousers-cream-6.webp,10,Women's Relaxed Wide Leg Drawstring Trousers - view 10,,,,,,,,,,,,,,,,,,
,womens-relaxed-wide-leg-drawstring-trousers,,,,,,,,,,,,,,,,,,,,,,,,,,,,,,,,,,,https://d3o8u8o2i2q94t.cloudfront.net/products/womens-relaxed-wide-leg-drawstring-trousers/cream/womens-relaxed-wide-leg-drawstring-trousers-cream-1.webp,11,Women's Relaxed Wide Leg Drawstring Trousers - view 11,,,,,,,,,,,,,,,,,,
,womens-relaxed-wide-leg-drawstring-trousers,,,,,,,,,,,,,,,,,,,,,,,,,,,,,,,,,,,https://d3o8u8o2i2q94t.cloudfront.net/products/womens-relaxed-wide-leg-drawstring-trousers/cream/womens-relaxed-wide-leg-drawstring-trousers-cream-3.webp,12,Women's Relaxed Wide Leg Drawstring Trousers - view 12,,,,,,,,,,,,,,,,,,
,womens-relaxed-wide-leg-drawstring-trousers,,,,,,,,,,,,,,,,,,,,,,,,,,,,,,,,,,,https://d3o8u8o2i2q94t.cloudfront.net/products/womens-relaxed-wide-leg-drawstring-trousers/cream/womens-relaxed-wide-leg-drawstring-trousers-cream-2.webp,13,Women's Relaxed Wide Leg Drawstring Trousers - view 13,,,,,,,,,,,,,,,,,,
,womens-relaxed-wide-leg-drawstring-trousers,,,,,,,,,,,,,,,,,,,,,,,,,,,,,,,,,,,https://d3o8u8o2i2q94t.cloudfront.net/products/womens-relaxed-wide-leg-drawstring-trousers/cream/womens-relaxed-wide-leg-drawstring-trousers-cream-4.webp,14,Women's Relaxed Wide Leg Drawstring Trousers - view 14,,,,,,,,,,,,,,,,,,
,womens-relaxed-wide-leg-drawstring-trousers,,,,,,,,,,,,,,,,,,,,,,,,,,,,,,,,,,,https://d3o8u8o2i2q94t.cloudfront.net/products/womens-relaxed-wide-leg-drawstring-trousers/heather-gray/womens-relaxed-wide-leg-drawstring-trousers-heather-gray-7.webp,15,Women's Relaxed Wide Leg Drawstring Trousers - view 15,,,,,,,,,,,,,,,,,,
,womens-relaxed-wide-leg-drawstring-trousers,,,,,,,,,,,,,,,,,,,,,,,,,,,,,,,,,,,https://d3o8u8o2i2q94t.cloudfront.net/products/womens-relaxed-wide-leg-drawstring-trousers/heather-gray/womens-relaxed-wide-leg-drawstring-trousers-heather-gray-5.webp,16,Women's Relaxed Wide Leg Drawstring Trousers - view 16,,,,,,,,,,,,,,,,,,
,womens-relaxed-wide-leg-drawstring-trousers,,,,,,,,,,,,,,,,,,,,,,,,,,,,,,,,,,,https://d3o8u8o2i2q94t.cloudfront.net/products/womens-relaxed-wide-leg-drawstring-trousers/heather-gray/womens-relaxed-wide-leg-drawstring-trousers-heather-gray-8.webp,17,Women's Relaxed Wide Leg Drawstring Trousers - view 17,,,,,,,,,,,,,,,,,,
,womens-relaxed-wide-leg-drawstring-trousers,,,,,,,,,,,,,,,,,,,,,,,,,,,,,,,,,,,https://d3o8u8o2i2q94t.cloudfront.net/products/womens-relaxed-wide-leg-drawstring-trousers/heather-gray/womens-relaxed-wide-leg-drawstring-trousers-heather-gray-4.webp,18,Women's Relaxed Wide Leg Drawstring Trousers - view 18,,,,,,,,,,,,,,,,,,
,womens-relaxed-wide-leg-drawstring-trousers,,,,,,,,,,,,,,,,,,,,,,,,,,,,,,,,,,,https://d3o8u8o2i2q94t.cloudfront.net/products/womens-relaxed-wide-leg-drawstring-trousers/heather-gray/womens-relaxed-wide-leg-drawstring-trousers-heather-gray-6.webp,19,Women's Relaxed Wide Leg Drawstring Trousers - view 19,,,,,,,,,,,,,,,,,,
,womens-relaxed-wide-leg-drawstring-trousers,,,,,,,,,,,,,,,,,,,,,,,,,,,,,,,,,,,https://d3o8u8o2i2q94t.cloudfront.net/products/womens-relaxed-wide-leg-drawstring-trousers/heather-gray/womens-relaxed-wide-leg-drawstring-trousers-heather-gray-1.webp,20,Women's Relaxed Wide Leg Drawstring Trousers - view 20,,,,,,,,,,,,,,,,,,
,womens-relaxed-wide-leg-drawstring-trousers,,,,,,,,,,,,,,,,,,,,,,,,,,,,,,,,,,,https://d3o8u8o2i2q94t.cloudfront.net/products/womens-relaxed-wide-leg-drawstring-trousers/heather-gray/womens-relaxed-wide-leg-drawstring-trousers-heather-gray-2.webp,21,Women's Relaxed Wide Leg Drawstring Trousers - view 21,,,,,,,,,,,,,,,,,,
,womens-relaxed-wide-leg-drawstring-trousers,,,,,,,,,,,,,,,,,,,,,,,,,,,,,,,,,,,https://d3o8u8o2i2q94t.cloudfront.net/products/womens-relaxed-wide-leg-drawstring-trousers/heather-gray/womens-relaxed-wide-leg-drawstring-trousers-heather-gray-3.webp,22,Women's Relaxed Wide Leg Drawstring Trousers - view 22,,,,,,,,,,,,,,,,,,
,womens-relaxed-wide-leg-drawstring-trousers,,,,,,,,,,,,,,,,,,,,,,,,,,,,,,,,,,,https://d3o8u8o2i2q94t.cloudfront.net/products/womens-relaxed-wide-leg-drawstring-trousers/white/womens-relaxed-wide-leg-drawstring-trousers-white-7.webp,23,Women's Relaxed Wide Leg Drawstring Trousers - view 23,,,,,,,,,,,,,,,,,,
,womens-relaxed-wide-leg-drawstring-trousers,,,,,,,,,,,,,,,,,,,,,,,,,,,,,,,,,,,https://d3o8u8o2i2q94t.cloudfront.net/products/womens-relaxed-wide-leg-drawstring-trousers/white/womens-relaxed-wide-leg-drawstring-trousers-white-6.webp,24,Women's Relaxed Wide Leg Drawstring Trousers - view 24,,,,,,,,,,,,,,,,,,
,womens-relaxed-wide-leg-drawstring-trousers,,,,,,,,,,,,,,,,,,,,,,,,,,,,,,,,,,,https://d3o8u8o2i2q94t.cloudfront.net/products/womens-relaxed-wide-leg-drawstring-trousers/white/womens-relaxed-wide-leg-drawstring-trousers-white-8.webp,25,Women's Relaxed Wide Leg Drawstring Trousers - view 25,,,,,,,,,,,,,,,,,,
,womens-relaxed-wide-leg-drawstring-trousers,,,,,,,,,,,,,,,,,,,,,,,,,,,,,,,,,,,https://d3o8u8o2i2q94t.cloudfront.net/products/womens-relaxed-wide-leg-drawstring-trousers/white/womens-relaxed-wide-leg-drawstring-trousers-white-4.webp,26,Women's Relaxed Wide Leg Drawstring Trousers - view 26,,,,,,,,,,,,,,,,,,
,womens-relaxed-wide-leg-drawstring-trousers,,,,,,,,,,,,,,,,,,,,,,,,,,,,,,,,,,,https://d3o8u8o2i2q94t.cloudfront.net/products/womens-relaxed-wide-leg-drawstring-trousers/white/womens-relaxed-wide-leg-drawstring-trousers-white-5.webp,27,Women's Relaxed Wide Leg Drawstring Trousers - view 27,,,,,,,,,,,,,,,,,,
,womens-relaxed-wide-leg-drawstring-trousers,,,,,,,,,,,,,,,,,,,,,,,,,,,,,,,,,,,https://d3o8u8o2i2q94t.cloudfront.net/products/womens-relaxed-wide-leg-drawstring-trousers/white/womens-relaxed-wide-leg-drawstring-trousers-white-1.webp,28,Women's Relaxed Wide Leg Drawstring Trousers - view 28,,,,,,,,,,,,,,,,,,
,womens-relaxed-wide-leg-drawstring-trousers,,,,,,,,,,,,,,,,,,,,,,,,,,,,,,,,,,,https://d3o8u8o2i2q94t.cloudfront.net/products/womens-relaxed-wide-leg-drawstring-trousers/white/womens-relaxed-wide-leg-drawstring-trousers-white-2.webp,29,Women's Relaxed Wide Leg Drawstring Trousers - view 29,,,,,,,,,,,,,,,,,,
,womens-relaxed-wide-leg-drawstring-trousers,,,,,,,,,,,,,,,,,,,,,,,,,,,,,,,,,,,https://d3o8u8o2i2q94t.cloudfront.net/products/womens-relaxed-wide-leg-drawstring-trousers/white/womens-relaxed-wide-leg-drawstring-trousers-white-3.webp,30,Women's Relaxed Wide Leg Drawstring Trousers - view 30,,,,,,,,,,,,,,,,,,
,womens-relaxed-wide-leg-drawstring-trousers,,,,,,,,,,,,,,,,,,,,,,,,,,,,,,,,,,,https://d3o8u8o2i2q94t.cloudfront.net/products/womens-relaxed-wide-leg-drawstring-trousers/white/womens-relaxed-wide-leg-drawstring-trousers-white-9.webp,31,Women's Relaxed Wide Leg Drawstring Trousers - view 31,,,,,,,,,,,,,,,,,,
,womens-relaxed-wide-leg-drawstring-trousers,,,,,,,,,,,,,,,,,,,,,,,,,,,,,,,,,,,https://d3o8u8o2i2q94t.cloudfront.net/products/womens-relaxed-wide-leg-drawstring-trousers/white/womens-relaxed-wide-leg-drawstring-trousers-white-10.webp,32,Women's Relaxed Wide Leg Drawstring Trousers - view 32,,,,,,,,,,,,,,,,,,
Women's S&G Classic Tank Top,womens-sandg-classic-tank-top,"An everyday essential, this fitted tank top offers a sleek silhouette that layers effortlessly under cardigans and blazers or wears solo with denim. Crafted from a soft, stretchy cotton-blend that moves with you, it features a clean scoop neckline and a smooth, body-skimming fit for all-day comfort. A versatile staple to keep on heavy rotation through every season.",Solomon & Sage,Apparel & Accessories > Clothing,Tops,,TRUE,active,TT-BK-XS,,Size,XS,,Color,Black,,,,,29.00,,,TRUE,,,,,,shopify,0,DENY,,g,TRUE,manual,https://d3o8u8o2i2q94t.cloudfront.net/products/1776586731810-tank-tops-black-11.webp,1,Women's S&G Classic Tank Top,https://d3o8u8o2i2q94t.cloudfront.net/products/1776586731810-tank-tops-black-11.webp,FALSE,Women's S&G Classic Tank Top | Solomon & Sage,"An everyday essential, this fitted tank top offers a sleek silhouette that layers effortlessly under cardigans and blazers or wears solo with denim. Crafted fro",Black; Gray; Tia; White,Apparel & Accessories > Clothing,,,,,,new,,,,,,
,womens-sandg-classic-tank-top,,,,,,,,TT-GR-XS,,,XS,,,Gray,,,,,29.00,,,TRUE,,,,,,shopify,0,DENY,,g,TRUE,manual,,,,https://d3o8u8o2i2q94t.cloudfront.net/products/1776586791765-tank-tops-gray-15.webp,FALSE,,,,,,,,,,,,,,,,
,womens-sandg-classic-tank-top,,,,,,,,TT-TI-XS,,,XS,,,Tia,,,,,29.00,,,TRUE,,,,,,shopify,0,DENY,,g,TRUE,manual,,,,https://d3o8u8o2i2q94t.cloudfront.net/products/1776586915775-tank-tops-tia-18.webp,FALSE,,,,,,,,,,,,,,,,
,womens-sandg-classic-tank-top,,,,,,,,TT-WH-XS,,,XS,,,White,,,,,29.00,,,TRUE,,,,,,shopify,0,DENY,,g,TRUE,manual,,,,https://d3o8u8o2i2q94t.cloudfront.net/products/1776587188926-tank-tops-white-1.webp,FALSE,,,,,,,,,,,,,,,,
,womens-sandg-classic-tank-top,,,,,,,,TT-BLAC-S,810221391708,,S,,,Black,,,,,29.00,,,TRUE,,,,,,shopify,1,DENY,,g,TRUE,manual,,,,https://d3o8u8o2i2q94t.cloudfront.net/products/1776586731810-tank-tops-black-11.webp,FALSE,,,,,,,,,,,,,,,,
,womens-sandg-classic-tank-top,,,,,,,,TT-GRAY-S,810221391821,,S,,,Gray,,,,,29.00,,,TRUE,,,,,,shopify,1,DENY,,g,TRUE,manual,,,,https://d3o8u8o2i2q94t.cloudfront.net/products/1776586791765-tank-tops-gray-15.webp,FALSE,,,,,,,,,,,,,,,,
,womens-sandg-classic-tank-top,,,,,,,,TT-TIA-S,810221391715,,S,,,Tia,,,,,29.00,,,TRUE,,,,,,shopify,1,DENY,,g,TRUE,manual,,,,https://d3o8u8o2i2q94t.cloudfront.net/products/1776586915775-tank-tops-tia-18.webp,FALSE,,,,,,,,,,,,,,,,
,womens-sandg-classic-tank-top,,,,,,,,TT-WHIT-S,810221391760,,S,,,White,,,,,29.00,,,TRUE,,,,,,shopify,0,DENY,,g,TRUE,manual,,,,https://d3o8u8o2i2q94t.cloudfront.net/products/1776587188926-tank-tops-white-1.webp,FALSE,,,,,,,,,,,,,,,,
,womens-sandg-classic-tank-top,,,,,,,,TT-BLAC-M,810221391753,,M,,,Black,,,,,29.00,,,TRUE,,,,,,shopify,2,DENY,,g,TRUE,manual,,,,https://d3o8u8o2i2q94t.cloudfront.net/products/1776586731810-tank-tops-black-11.webp,FALSE,,,,,,,,,,,,,,,,
,womens-sandg-classic-tank-top,,,,,,,,TT-GRAY-M,810221391838,,M,,,Gray,,,,,29.00,,,TRUE,,,,,,shopify,1,DENY,,g,TRUE,manual,,,,https://d3o8u8o2i2q94t.cloudfront.net/products/1776586791765-tank-tops-gray-15.webp,FALSE,,,,,,,,,,,,,,,,
,womens-sandg-classic-tank-top,,,,,,,,TT-TIA-M,810221391722,,M,,,Tia,,,,,29.00,,,TRUE,,,,,,shopify,0,DENY,,g,TRUE,manual,,,,https://d3o8u8o2i2q94t.cloudfront.net/products/1776586915775-tank-tops-tia-18.webp,FALSE,,,,,,,,,,,,,,,,
,womens-sandg-classic-tank-top,,,,,,,,TT-WHIT-M,810221391777,,M,,,White,,,,,29.00,,,TRUE,,,,,,shopify,0,DENY,,g,TRUE,manual,,,,https://d3o8u8o2i2q94t.cloudfront.net/products/1776587188926-tank-tops-white-1.webp,FALSE,,,,,,,,,,,,,,,,
,womens-sandg-classic-tank-top,,,,,,,,TT-BLAC-L,810221391807,,L,,,Black,,,,,29.00,,,TRUE,,,,,,shopify,1,DENY,,g,TRUE,manual,,,,https://d3o8u8o2i2q94t.cloudfront.net/products/1776586731810-tank-tops-black-11.webp,FALSE,,,,,,,,,,,,,,,,
,womens-sandg-classic-tank-top,,,,,,,,TT-GRAY-L,810221391845,,L,,,Gray,,,,,29.00,,,TRUE,,,,,,shopify,0,DENY,,g,TRUE,manual,,,,https://d3o8u8o2i2q94t.cloudfront.net/products/1776586791765-tank-tops-gray-15.webp,FALSE,,,,,,,,,,,,,,,,
,womens-sandg-classic-tank-top,,,,,,,,TT-TIA-L,810221391739,,L,,,Tia,,,,,29.00,,,TRUE,,,,,,shopify,0,DENY,,g,TRUE,manual,,,,https://d3o8u8o2i2q94t.cloudfront.net/products/1776586915775-tank-tops-tia-18.webp,FALSE,,,,,,,,,,,,,,,,
,womens-sandg-classic-tank-top,,,,,,,,TT-WHIT-L,810221391784,,L,,,White,,,,,29.00,,,TRUE,,,,,,shopify,0,DENY,,g,TRUE,manual,,,,https://d3o8u8o2i2q94t.cloudfront.net/products/1776587188926-tank-tops-white-1.webp,FALSE,,,,,,,,,,,,,,,,
,womens-sandg-classic-tank-top,,,,,,,,TT-BLAC-XL,810221391814,,XL,,,Black,,,,,29.00,,,TRUE,,,,,,shopify,0,DENY,,g,TRUE,manual,,,,https://d3o8u8o2i2q94t.cloudfront.net/products/1776586731810-tank-tops-black-11.webp,FALSE,,,,,,,,,,,,,,,,
,womens-sandg-classic-tank-top,,,,,,,,TT-GRAY-XL,810221391852,,XL,,,Gray,,,,,29.00,,,TRUE,,,,,,shopify,1,DENY,,g,TRUE,manual,,,,https://d3o8u8o2i2q94t.cloudfront.net/products/1776586791765-tank-tops-gray-15.webp,FALSE,,,,,,,,,,,,,,,,
,womens-sandg-classic-tank-top,,,,,,,,TT-TIA-XL,810221391746,,XL,,,Tia,,,,,29.00,,,TRUE,,,,,,shopify,0,DENY,,g,TRUE,manual,,,,https://d3o8u8o2i2q94t.cloudfront.net/products/1776586915775-tank-tops-tia-18.webp,FALSE,,,,,,,,,,,,,,,,
,womens-sandg-classic-tank-top,,,,,,,,TT-WHIT-XL,810221391791,,XL,,,White,,,,,29.00,,,TRUE,,,,,,shopify,0,DENY,,g,TRUE,manual,,,,https://d3o8u8o2i2q94t.cloudfront.net/products/1776587188926-tank-tops-white-1.webp,FALSE,,,,,,,,,,,,,,,,
,womens-sandg-classic-tank-top,,,,,,,,,,,,,,,,,,,,,,,,,,,,,,,,,,,https://d3o8u8o2i2q94t.cloudfront.net/products/1776586738857-tank-tops-black-19.webp,2,Women's S&G Classic Tank Top - view 2,,,,,,,,,,,,,,,,,,
,womens-sandg-classic-tank-top,,,,,,,,,,,,,,,,,,,,,,,,,,,,,,,,,,,https://d3o8u8o2i2q94t.cloudfront.net/products/1776586737064-tank-tops-black-18.webp,3,Women's S&G Classic Tank Top - view 3,,,,,,,,,,,,,,,,,,
,womens-sandg-classic-tank-top,,,,,,,,,,,,,,,,,,,,,,,,,,,,,,,,,,,https://d3o8u8o2i2q94t.cloudfront.net/products/1776586724233-tank-tops-black-8.webp,4,Women's S&G Classic Tank Top - view 4,,,,,,,,,,,,,,,,,,
,womens-sandg-classic-tank-top,,,,,,,,,,,,,,,,,,,,,,,,,,,,,,,,,,,https://d3o8u8o2i2q94t.cloudfront.net/products/1776586728898-tank-tops-black-10.webp,5,Women's S&G Classic Tank Top - view 5,,,,,,,,,,,,,,,,,,
,womens-sandg-classic-tank-top,,,,,,,,,,,,,,,,,,,,,,,,,,,,,,,,,,,https://d3o8u8o2i2q94t.cloudfront.net/products/1776586740931-tank-tops-black-20.webp,6,Women's S&G Classic Tank Top - view 6,,,,,,,,,,,,,,,,,,
,womens-sandg-classic-tank-top,,,,,,,,,,,,,,,,,,,,,,,,,,,,,,,,,,,https://d3o8u8o2i2q94t.cloudfront.net/products/1776586716213-tank-tops-black-6.webp,7,Women's S&G Classic Tank Top - view 7,,,,,,,,,,,,,,,,,,
,womens-sandg-classic-tank-top,,,,,,,,,,,,,,,,,,,,,,,,,,,,,,,,,,,https://d3o8u8o2i2q94t.cloudfront.net/products/1776586720344-tank-tops-black-7.webp,8,Women's S&G Classic Tank Top - view 8,,,,,,,,,,,,,,,,,,
,womens-sandg-classic-tank-top,,,,,,,,,,,,,,,,,,,,,,,,,,,,,,,,,,,https://d3o8u8o2i2q94t.cloudfront.net/products/1776586726931-tank-tops-black-9.webp,9,Women's S&G Classic Tank Top - view 9,,,,,,,,,,,,,,,,,,
,womens-sandg-classic-tank-top,,,,,,,,,,,,,,,,,,,,,,,,,,,,,,,,,,,https://d3o8u8o2i2q94t.cloudfront.net/products/1776586734948-tank-tops-black-16.webp,10,Women's S&G Classic Tank Top - view 10,,,,,,,,,,,,,,,,,,
,womens-sandg-classic-tank-top,,,,,,,,,,,,,,,,,,,,,,,,,,,,,,,,,,,https://d3o8u8o2i2q94t.cloudfront.net/products/1776586791765-tank-tops-gray-15.webp,11,Women's S&G Classic Tank Top - view 11,,,,,,,,,,,,,,,,,,
,womens-sandg-classic-tank-top,,,,,,,,,,,,,,,,,,,,,,,,,,,,,,,,,,,https://d3o8u8o2i2q94t.cloudfront.net/products/1776586778119-tank-tops-gray-7.webp,12,Women's S&G Classic Tank Top - view 12,,,,,,,,,,,,,,,,,,
,womens-sandg-classic-tank-top,,,,,,,,,,,,,,,,,,,,,,,,,,,,,,,,,,,https://d3o8u8o2i2q94t.cloudfront.net/products/1776586766536-tank-tops-gray-2.webp,13,Women's S&G Classic Tank Top - view 13,,,,,,,,,,,,,,,,,,
,womens-sandg-classic-tank-top,,,,,,,,,,,,,,,,,,,,,,,,,,,,,,,,,,,https://d3o8u8o2i2q94t.cloudfront.net/products/1776586783038-tank-tops-gray-9.webp,14,Women's S&G Classic Tank Top - view 14,,,,,,,,,,,,,,,,,,
,womens-sandg-classic-tank-top,,,,,,,,,,,,,,,,,,,,,,,,,,,,,,,,,,,https://d3o8u8o2i2q94t.cloudfront.net/products/1776586773836-tank-tops-gray-5.webp,15,Women's S&G Classic Tank Top - view 15,,,,,,,,,,,,,,,,,,
,womens-sandg-classic-tank-top,,,,,,,,,,,,,,,,,,,,,,,,,,,,,,,,,,,https://d3o8u8o2i2q94t.cloudfront.net/products/1776586780533-tank-tops-gray-8.webp,16,Women's S&G Classic Tank Top - view 16,,,,,,,,,,,,,,,,,,
,womens-sandg-classic-tank-top,,,,,,,,,,,,,,,,,,,,,,,,,,,,,,,,,,,https://d3o8u8o2i2q94t.cloudfront.net/products/1776586785270-tank-tops-gray-11.webp,17,Women's S&G Classic Tank Top - view 17,,,,,,,,,,,,,,,,,,
,womens-sandg-classic-tank-top,,,,,,,,,,,,,,,,,,,,,,,,,,,,,,,,,,,https://d3o8u8o2i2q94t.cloudfront.net/products/1776586788307-tank-tops-gray-12.webp,18,Women's S&G Classic Tank Top - view 18,,,,,,,,,,,,,,,,,,
,womens-sandg-classic-tank-top,,,,,,,,,,,,,,,,,,,,,,,,,,,,,,,,,,,https://d3o8u8o2i2q94t.cloudfront.net/products/1776586915775-tank-tops-tia-18.webp,19,Women's S&G Classic Tank Top - view 19,,,,,,,,,,,,,,,,,,
,womens-sandg-classic-tank-top,,,,,,,,,,,,,,,,,,,,,,,,,,,,,,,,,,,https://d3o8u8o2i2q94t.cloudfront.net/products/1776586909114-tank-tops-tia-9.webp,20,Women's S&G Classic Tank Top - view 20,,,,,,,,,,,,,,,,,,
,womens-sandg-classic-tank-top,,,,,,,,,,,,,,,,,,,,,,,,,,,,,,,,,,,https://d3o8u8o2i2q94t.cloudfront.net/products/1776586920896-tank-tops-tia-19.webp,21,Women's S&G Classic Tank Top - view 21,,,,,,,,,,,,,,,,,,
,womens-sandg-classic-tank-top,,,,,,,,,,,,,,,,,,,,,,,,,,,,,,,,,,,https://d3o8u8o2i2q94t.cloudfront.net/products/1776586924638-tank-tops-tia-20.webp,22,Women's S&G Classic Tank Top - view 22,,,,,,,,,,,,,,,,,,
,womens-sandg-classic-tank-top,,,,,,,,,,,,,,,,,,,,,,,,,,,,,,,,,,,https://d3o8u8o2i2q94t.cloudfront.net/products/1776586899921-tank-tops-tia-3.webp,23,Women's S&G Classic Tank Top - view 23,,,,,,,,,,,,,,,,,,
,womens-sandg-classic-tank-top,,,,,,,,,,,,,,,,,,,,,,,,,,,,,,,,,,,https://d3o8u8o2i2q94t.cloudfront.net/products/1776586904563-tank-tops-tia-7.webp,24,Women's S&G Classic Tank Top - view 24,,,,,,,,,,,,,,,,,,
,womens-sandg-classic-tank-top,,,,,,,,,,,,,,,,,,,,,,,,,,,,,,,,,,,https://d3o8u8o2i2q94t.cloudfront.net/products/1776586912239-tank-tops-tia-14.webp,25,Women's S&G Classic Tank Top - view 25,,,,,,,,,,,,,,,,,,
,womens-sandg-classic-tank-top,,,,,,,,,,,,,,,,,,,,,,,,,,,,,,,,,,,https://d3o8u8o2i2q94t.cloudfront.net/products/1776586914156-tank-tops-tia-15.webp,26,Women's S&G Classic Tank Top - view 26,,,,,,,,,,,,,,,,,,
,womens-sandg-classic-tank-top,,,,,,,,,,,,,,,,,,,,,,,,,,,,,,,,,,,https://d3o8u8o2i2q94t.cloudfront.net/products/1776587011335-tank-tops-tia-13.webp,27,Women's S&G Classic Tank Top - view 27,,,,,,,,,,,,,,,,,,
,womens-sandg-classic-tank-top,,,,,,,,,,,,,,,,,,,,,,,,,,,,,,,,,,,https://d3o8u8o2i2q94t.cloudfront.net/products/1776586998770-tank-tops-tia-8.webp,28,Women's S&G Classic Tank Top - view 28,,,,,,,,,,,,,,,,,,
,womens-sandg-classic-tank-top,,,,,,,,,,,,,,,,,,,,,,,,,,,,,,,,,,,https://d3o8u8o2i2q94t.cloudfront.net/products/1776587006678-tank-tops-tia-10.webp,29,Women's S&G Classic Tank Top - view 29,,,,,,,,,,,,,,,,,,
,womens-sandg-classic-tank-top,,,,,,,,,,,,,,,,,,,,,,,,,,,,,,,,,,,https://d3o8u8o2i2q94t.cloudfront.net/products/1776587188926-tank-tops-white-1.webp,30,Women's S&G Classic Tank Top - view 30,,,,,,,,,,,,,,,,,,
,womens-sandg-classic-tank-top,,,,,,,,,,,,,,,,,,,,,,,,,,,,,,,,,,,https://d3o8u8o2i2q94t.cloudfront.net/products/1776587195841-tank-tops-white-9.webp,31,Women's S&G Classic Tank Top - view 31,,,,,,,,,,,,,,,,,,
,womens-sandg-classic-tank-top,,,,,,,,,,,,,,,,,,,,,,,,,,,,,,,,,,,https://d3o8u8o2i2q94t.cloudfront.net/products/1776587238457-tank-tops-white-11.webp,32,Women's S&G Classic Tank Top - view 32,,,,,,,,,,,,,,,,,,
,womens-sandg-classic-tank-top,,,,,,,,,,,,,,,,,,,,,,,,,,,,,,,,,,,https://d3o8u8o2i2q94t.cloudfront.net/products/1776587203988-tank-tops-white-15.webp,33,Women's S&G Classic Tank Top - view 33,,,,,,,,,,,,,,,,,,
,womens-sandg-classic-tank-top,,,,,,,,,,,,,,,,,,,,,,,,,,,,,,,,,,,https://d3o8u8o2i2q94t.cloudfront.net/products/1776587201199-tank-tops-white-14.webp,34,Women's S&G Classic Tank Top - view 34,,,,,,,,,,,,,,,,,,
,womens-sandg-classic-tank-top,,,,,,,,,,,,,,,,,,,,,,,,,,,,,,,,,,,https://d3o8u8o2i2q94t.cloudfront.net/products/1776587193562-tank-tops-white-7.webp,35,Women's S&G Classic Tank Top - view 35,,,,,,,,,,,,,,,,,,
,womens-sandg-classic-tank-top,,,,,,,,,,,,,,,,,,,,,,,,,,,,,,,,,,,https://d3o8u8o2i2q94t.cloudfront.net/products/1776587197290-tank-tops-white-10.webp,36,Women's S&G Classic Tank Top - view 36,,,,,,,,,,,,,,,,,,
,womens-sandg-classic-tank-top,,,,,,,,,,,,,,,,,,,,,,,,,,,,,,,,,,,https://d3o8u8o2i2q94t.cloudfront.net/products/1776587198543-tank-tops-white-12.webp,37,Women's S&G Classic Tank Top - view 37,,,,,,,,,,,,,,,,,,
,womens-sandg-classic-tank-top,,,,,,,,,,,,,,,,,,,,,,,,,,,,,,,,,,,https://d3o8u8o2i2q94t.cloudfront.net/products/1776587235283-tank-tops-white-6.webp,38,Women's S&G Classic Tank Top - view 38,,,,,,,,,,,,,,,,,,
Women's S&G Genuine Leather Crossbody Bags,womens-sandg-genuine-leather-crossbody-bags,"Crossbody bag in cowhide leather with diamond-shaped studs on both sides. Antiqued metal strap. Available in brown, black, and burgundy. 

Measure: 25cm wide by 13cm high, bottom: 5cm",Solomon & Sage,Apparel & Accessories > Clothing,Accessories,leather bag,TRUE,active,BAG-BLACK,,Size,One Size,,Color,Black,,,,,69.00,,,TRUE,,,,,,shopify,5,DENY,,g,TRUE,manual,https://d3o8u8o2i2q94t.cloudfront.net/products/1776608659810-glf2297.webp,1,Women's S&G Genuine Leather Crossbody Bags,https://d3o8u8o2i2q94t.cloudfront.net/products/1776608874731-glf2312-284226c5-4557-4529-b28a-3a3c0dc31715.webp,FALSE,Women's S&G Genuine Leather Crossbody Bags | Solomon & Sage,"Crossbody bag in cowhide leather with diamond-shaped studs on both sides. Antiqued metal strap. Available in brown, black, and burgundy. Measure: 25cm wide by 1",Black; Burgundy,Apparel & Accessories > Clothing,,,,,,new,,,,,,
,womens-sandg-genuine-leather-crossbody-bags,,,,,,,,BAG-BUR,,,One Size,,,Burgundy,,,,,69.00,,,TRUE,,,,,,shopify,5,DENY,,g,TRUE,manual,,,,https://d3o8u8o2i2q94t.cloudfront.net/products/1776608659810-glf2297.webp,FALSE,,,,,,,,,,,,,,,,
,womens-sandg-genuine-leather-crossbody-bags,,,,,,,,,,,,,,,,,,,,,,,,,,,,,,,,,,,https://d3o8u8o2i2q94t.cloudfront.net/products/1776608657636-glf2351-e9f0eeda-7432-4636-a118-97473184365c--2-.webp,2,Women's S&G Genuine Leather Crossbody Bags - view 2,,,,,,,,,,,,,,,,,,
,womens-sandg-genuine-leather-crossbody-bags,,,,,,,,,,,,,,,,,,,,,,,,,,,,,,,,,,,https://d3o8u8o2i2q94t.cloudfront.net/products/1776608874731-glf2312-284226c5-4557-4529-b28a-3a3c0dc31715.webp,3,Women's S&G Genuine Leather Crossbody Bags - view 3,,,,,,,,,,,,,,,,,,
Women's S&G Pedraza Bag,womens-sandg-pedraza-bag,"Cowhide leather bucket bag available in black, tan, and chocolate brown. Features stud detailing on the front, back, and handle.  

Measures: Width: 27cm Length: 22cm Depth: 6cm",Solomon & Sage,Apparel & Accessories > Clothing,Accessories,"bag, leather bag",TRUE,active,BUZ-BAG-BROWN,,Size,One Size,,Color,Brown,,,,,69.00,,,TRUE,,,,,,shopify,4,DENY,,g,TRUE,manual,https://d3o8u8o2i2q94t.cloudfront.net/products/1776609192533-glf2360-7364f424-f972-4531-9e62-cdd324eb3858.webp,1,Women's S&G Pedraza Bag,https://d3o8u8o2i2q94t.cloudfront.net/products/1776609192533-glf2360-7364f424-f972-4531-9e62-cdd324eb3858.webp,FALSE,Women's S&G Pedraza Bag | Solomon & Sage,"Cowhide leather bucket bag available in black, tan, and chocolate brown. Features stud detailing on the front, back, and handle. Measures: Width: 27cm Length: 2",Brown; Onyx,Apparel & Accessories > Clothing,,,,,,new,,,,,,
,womens-sandg-pedraza-bag,,,,,,,,BAG-MUST-001,,,One Size,,,Onyx,,,,,69.00,,,TRUE,,,,,,shopify,5,DENY,,g,TRUE,manual,,,,https://d3o8u8o2i2q94t.cloudfront.net/products/1776609689033-glf2350-43a2c4b2-1e96-42f9-aa2e-6f4191331d31.webp,FALSE,,,,,,,,,,,,,,,,
,womens-sandg-pedraza-bag,,,,,,,,,,,,,,,,,,,,,,,,,,,,,,,,,,,https://d3o8u8o2i2q94t.cloudfront.net/products/1776609689033-glf2350-43a2c4b2-1e96-42f9-aa2e-6f4191331d31.webp,2,Women's S&G Pedraza Bag - view 2,,,,,,,,,,,,,,,,,,
,womens-sandg-pedraza-bag,,,,,,,,,,,,,,,,,,,,,,,,,,,,,,,,,,,https://d3o8u8o2i2q94t.cloudfront.net/products/1776609690620-glf2280.webp,3,Women's S&G Pedraza Bag - view 3,,,,,,,,,,,,,,,,,,
Women's S&G Relaxed T-Shirt,womens-sandg-relaxed-t-shirt,"Effortlessly cool and endlessly versatile, this relaxed-fit cotton t-shirt delivers laid-back style with premium comfort. Crafted from 100% cotton in a classic black colorway, this wardrobe essential features a crewneck design, dropped shoulders, and a boxy silhouette perfect for everyday wear. Pair with joggers for a casual look or tuck into high-waisted jeans for bring togetherd street style.",Solomon & Sage,Apparel & Accessories > Clothing,Tops,"women, tops",TRUE,active,TEE-BLAC-XS,,Size,XS,,Color,Black,,,,,42.00,,,TRUE,,,,,,shopify,5,DENY,,g,TRUE,manual,https://d3o8u8o2i2q94t.cloudfront.net/products/womens-sandg-relaxed-t-shirt/black/womens-sandg-relaxed-t-shirt-black-5.webp,1,Women's S&G Relaxed T-Shirt,https://d3o8u8o2i2q94t.cloudfront.net/products/womens-sandg-relaxed-t-shirt/black/womens-sandg-relaxed-t-shirt-black-5.webp,FALSE,Women's S&G Relaxed T-Shirt | Solomon & Sage,"Effortlessly cool and endlessly versatile, this relaxed-fit cotton t-shirt delivers laid-back style with premium comfort. Crafted from 100% cotton in a classic ",Black,Apparel & Accessories > Clothing,,,,,,new,,,,,,
,womens-sandg-relaxed-t-shirt,,,,,,,,WSRT-BLAC-S,810221391968,,S,,,Black,,,,,42.00,,,TRUE,,,,,,shopify,0,DENY,,g,TRUE,manual,,,,https://d3o8u8o2i2q94t.cloudfront.net/products/womens-sandg-relaxed-t-shirt/black/womens-sandg-relaxed-t-shirt-black-5.webp,FALSE,,,,,,,,,,,,,,,,
,womens-sandg-relaxed-t-shirt,,,,,,,,WSRT-BLAC-M,810221391975,,M,,,Black,,,,,42.00,,,TRUE,,,,,,shopify,0,DENY,,g,TRUE,manual,,,,https://d3o8u8o2i2q94t.cloudfront.net/products/womens-sandg-relaxed-t-shirt/black/womens-sandg-relaxed-t-shirt-black-5.webp,FALSE,,,,,,,,,,,,,,,,
,womens-sandg-relaxed-t-shirt,,,,,,,,WSRT-BLAC-L,810221391982,,L,,,Black,,,,,42.00,,,TRUE,,,,,,shopify,0,DENY,,g,TRUE,manual,,,,https://d3o8u8o2i2q94t.cloudfront.net/products/womens-sandg-relaxed-t-shirt/black/womens-sandg-relaxed-t-shirt-black-5.webp,FALSE,,,,,,,,,,,,,,,,
,womens-sandg-relaxed-t-shirt,,,,,,,,WSRT-BLAC-XL,810221391999,,XL,,,Black,,,,,42.00,,,TRUE,,,,,,shopify,0,DENY,,g,TRUE,manual,,,,https://d3o8u8o2i2q94t.cloudfront.net/products/womens-sandg-relaxed-t-shirt/black/womens-sandg-relaxed-t-shirt-black-5.webp,FALSE,,,,,,,,,,,,,,,,
,womens-sandg-relaxed-t-shirt,,,,,,,,,,,,,,,,,,,,,,,,,,,,,,,,,,,https://d3o8u8o2i2q94t.cloudfront.net/products/womens-sandg-relaxed-t-shirt/black/womens-sandg-relaxed-t-shirt-black-7.webp,2,Women's S&G Relaxed T-Shirt - view 2,,,,,,,,,,,,,,,,,,
,womens-sandg-relaxed-t-shirt,,,,,,,,,,,,,,,,,,,,,,,,,,,,,,,,,,,https://d3o8u8o2i2q94t.cloudfront.net/products/womens-sandg-relaxed-t-shirt/black/womens-sandg-relaxed-t-shirt-black-9.webp,3,Women's S&G Relaxed T-Shirt - view 3,,,,,,,,,,,,,,,,,,
,womens-sandg-relaxed-t-shirt,,,,,,,,,,,,,,,,,,,,,,,,,,,,,,,,,,,https://d3o8u8o2i2q94t.cloudfront.net/products/womens-sandg-relaxed-t-shirt/black/womens-sandg-relaxed-t-shirt-black-4.webp,4,Women's S&G Relaxed T-Shirt - view 4,,,,,,,,,,,,,,,,,,
,womens-sandg-relaxed-t-shirt,,,,,,,,,,,,,,,,,,,,,,,,,,,,,,,,,,,https://d3o8u8o2i2q94t.cloudfront.net/products/womens-sandg-relaxed-t-shirt/black/womens-sandg-relaxed-t-shirt-black-1.webp,5,Women's S&G Relaxed T-Shirt - view 5,,,,,,,,,,,,,,,,,,
,womens-sandg-relaxed-t-shirt,,,,,,,,,,,,,,,,,,,,,,,,,,,,,,,,,,,https://d3o8u8o2i2q94t.cloudfront.net/products/womens-sandg-relaxed-t-shirt/black/womens-sandg-relaxed-t-shirt-black-3.webp,6,Women's S&G Relaxed T-Shirt - view 6,,,,,,,,,,,,,,,,,,
,womens-sandg-relaxed-t-shirt,,,,,,,,,,,,,,,,,,,,,,,,,,,,,,,,,,,https://d3o8u8o2i2q94t.cloudfront.net/products/womens-sandg-relaxed-t-shirt/black/womens-sandg-relaxed-t-shirt-black-2.webp,7,Women's S&G Relaxed T-Shirt - view 7,,,,,,,,,,,,,,,,,,